年,月,日,標題,內容,報社
2021,4,29,《農場》導演挪威發掘豬界梅莉史翠普,榮獲本屆奧斯卡最佳紀錄片15強的電影《農場我的家》，由《小丑》奧斯卡影帝瓦昆菲尼克斯監製，俄國紀錄片大師維克多柯薩科夫斯基（Victor Kossakovsky）執導，劇情透過1隻豬、1隻獨腳雞和2隻牛的農場日常，訴說深刻感人的故事，成功吸引名導接踵朝聖。曾獲坎城金棕櫚獎的美國導演葛斯范桑（Gus Van Sant）盛讚該片是「大師的完美神作，極美！必看！」而《羅馬》奧斯卡最佳導演艾方索柯朗更是熱愛該片，他表示《農場我的家》迫使觀眾拋棄對於語言、評判的成癮，「帶領我們體驗崇高的親情與生命的力量」。為拍攝該片，導演柯薩科夫斯基特別赴挪威奧斯陸附近一座農場「選角」，「甘妲」不畏生地走來，讓柯薩科夫斯基深深被打動，「我們找到女主角了！豬界的梅莉史翠普！」。《農場我的家》29日在台上映。 ,中國時報
2021,4,30,《南韓老戲骨發光》尹汝貞征服好萊塢   朴仁煥如蝶舞動奇蹟,尹汝貞拿下本屆奧斯卡最佳女配角獎，是南韓第一人。台灣「國民阿嬤」陳淑芳81歲奪金馬獎，誓言不退休；南韓「國民阿嬤」尹汝貞以電影《夢想之地》得本屆奧斯卡最佳女配角獎，舉國歡騰。韓流興起，老演員不只是韓片韓劇的阿公阿嬤專業戶，演技也同樣「薑是老的辣」，《如蝶翩翩》爺爺朴仁煥，終於圓夢登上芭蕾舞台，翩翩起舞的剎那，催淚動人。●73歲南韓梅姨 尹汝貞甩婚變靠夢想強大●73歲尹汝貞被譽南韓「梅莉史翠普」，她參與的實境節目《尹食堂》、《尹STAY》都紅到海外。她在《夢想之地》演非傳統外婆：嗜賭成性、滿嘴髒話、不按牌理出牌，卻讓一個瀕臨分裂的移民家庭，重新憶起最初懷抱夢想的模樣，因而凝聚彼此的感情，鮮明的角色、爐火純青演技，讓她一路拿獎到奧斯卡。尹汝貞在《夢想之地》演非傳統的外婆，在移民家庭中起關鍵性作用。●80歲貴氣型男 朴根瀅富豪專業戶●80歲朴根瀅不只是爺爺專戶，更是會長和富豪專業戶，出道時他即以英俊挺拔著稱，當年是型男。他在台灣知名作品包括《火花》、《背叛愛情》等，也曾隨《花漾爺爺》來台，一直和擔心他出遠門的愛妻傳簡訊，愛妻形象得分。他的最新韓劇作品《Undercover》， 改編自英國BBC同名電視劇，由池珍熙、金賢珠演一對神秘夫妻，朴根瀅飾池珍熙父親，首兩集就因病過世，一幕在街頭與兒子相遇的戲，十足催淚。,自由時報
2021,4,27,性感蠻腰 誘惑深V 搶當小金人女神,寶格麗品牌代言人千黛亞配戴BVLGARI頂級黃鑽與鑽石項鍊出席紅毯。圖╱寶格麗提供 瑞絲薇絲朋身穿Dior 2021秋冬紅色垂墜扭結設計禮服，像是希臘女神的現代化身。(美聯社) 瑪格羅比以香奈兒2019秋冬高級訂製服現身，搭配香奈兒手拿包與高級珠寶。(美聯社) 瑞絲薇絲朋身穿Dior 2021秋冬紅色垂墜扭結設計禮服，像是希臘女神的現代化身。(美聯社) 做為全球矚目的電影圈年度盛事，奧斯卡與會明星的紅毯造型年年都是焦點之一，今年紅毯上的衣著也反映出疫情現況，不見濃厚奢華貴氣，反而是以簡單的重點細節穿出隆重感，女星偏愛露腰、深V剪裁的禮服，色調以金屬色系和大紅色為主。瑪格羅比以香奈兒2019秋冬高級訂製服現身，細肩禮服上滿滿的銀色亮片花朵，搭配低馬尾造型看來慵懶優雅。凱莉墨里根的Valentino 2021春夏高級訂製金色亮片露腰禮服很有「小金人獎座」的既視感，由無數金色亮片緊密排列組成的細節也非常精緻；同樣選穿Valentino訂製露腰裝的千黛亞，則以亮黃色飄逸禮服帶來一絲度假風情。安德拉戴的Vera Wang金色禮服，斜角度中空設計搭配若隱若現的裙襬，格外性感火辣，另外像是凡妮莎寇比，也選擇Gucci的簡約風露腰禮服典雅登場。亞曼達塞佛瑞穿上大紅色烏干紗Armani 2021春夏高級訂製禮服出席，這件衣服當初在秀場上展演的是帶點神祕感的寶藍色，換成大紅色反而注滿熱情，也增添艷麗明媚的女人味。瑞絲薇絲朋的Dior 2021秋冬紅色垂墜扭結設計禮服，像是希臘女神的現代化身。韓國女星韓藝璃穿上Louis Vuitton的紅色排釦高領削肩晚宴洋裝展現超強氣場，薇拉戴維絲和蕾吉娜金恩，則是紛紛以Alexander McQueen和Louis Vuitton的雕花、訂製公爵夫人緞質羽扇蓬袖禮服穿出繁複裝飾魅力。穿Louis Vuitton訂製白色絹網緞面洋裝的瑪麗亞巴卡洛娃，很像一尊夢幻甜美的娃娃。今年備受關注的韓國女星尹汝貞，以Marmar Halim鴨藍色訂製款禮服現身，兩個口袋的設計更顯年輕有型。葛倫克蘿絲的Armani寶藍色特別訂製款長袖禮服，則是運用細碎亮片裝點低調華麗並搭上絨布褲裝和手套，俐落中不失貴氣優雅。黃鑽更襯膚色 白鑽優雅百搭黃鑽是今年奧斯卡紅毯珠寶最令人意外的主角。年輕一代的女星如紅毯資優生亞曼達塞佛瑞、「蜘蛛女」千黛亞，以及因飾演傳奇爵士女星比莉哈利戴而入圍最佳女主角的安德拉戴，都巧妙選擇透過黃鑽配襯自己獨特的膚色。其中，身為寶格麗代言人的千黛亞，更是搶先戴上品牌即將於今年夏季才要發表的年度頂級珠寶Magnifica系列珠寶，項鍊主石為一枚艷彩等級的6克拉黃鑽，配上鑲嵌總重約9.4克拉的2顆梨形切割濃彩黃鑽耳環，以及21.14克拉枕形切割黃鑽戒指，氣場驚人。今年有許多演技派的資深女星入圍，多選擇配戴經典的白鑽珠寶，詮釋不過分搶戲又優雅的搭配。像是以電影Minari「夢想之地」奪得最佳女配角的「韓國梅莉史翠普」尹汝貞，以蕭邦藍寶石鑽石戒指、鑽石手鍊與耳環，搭配杜拜設計師Marmar Halim的深藍色高級訂製服；同樣入圍女配角的資深影后奧莉薇亞柯爾曼，也是選擇配戴蕭邦的白鑽鑽石襯托一襲簡約的鮮紅禮服。不過白鑽的優雅體面與高搭配性，也是許多喜愛極簡主義風格女星的最愛，例如亞莉安娜黛博塞就以簡約的海瑞溫斯頓白鑽來彰顯亮橘色禮服的俐落線條；凡妮莎寇比更是直接將一條垂墜7.04克拉橢圓形主鑽的項鍊反戴；瑪格羅比則以垂墜珍珠流蘇的緞帶蝴蝶結耳環，完成金屬光澤刺繡禮服的整體造型。,聯合報
2021,4,27,法蘭西絲麥多曼3度封后狼嚎　「人魔」霍金斯最高齡影帝,演技無雙今年奧斯卡影后獎項被稱為「死亡之組」，63歲美國女星法蘭西絲麥多曼（Frances McDormand）昨以《游牧人生》勝出，集郵生涯第3座奧斯卡影后，超車拿過2次「梅姨」梅莉史翠普，距離凱薩琳赫本的最多奧斯卡影后獎座紀錄還有1座之差。法蘭西絲引述老公喬柯恩正執導的《馬克白》台詞說：「我沒有話要說，我的聲音就在我的劍裡。」接著率性表示：「劍指的就是我們的工作，而我熱愛工作，謝謝你們洞悉這一點。」83歲的英國資深影帝安東尼霍金斯則加冕影史最高齡奧斯卡影帝。法蘭西絲1997年以《冰血暴》首度封后，睽違21年以《意外》的悍媽一角擁抱第2座影后獎，並進入「奧斯卡3金俱樂部」，成為第7位獲得3座以上小金人的演員。《游牧》展內斂戲骨《游牧人生》片中，她飾演的中年女子「芬恩」住了大半輩子的小鎮因石膏廠關閉而成了鬼城，選擇以車為家的游牧生活，探索人生。法蘭西絲在銀幕上常予人強勢、剽悍的形象，《游》片中她藏起銳氣，展現出內斂的韌性與執著。她昨兩度上台也讓人看到她如片中的率真性格。她以製片身分領最佳影片時，在台上學狼叫，致哀上月輕生辭世的音效師麥可沃夫史奈德（Michael Wolf Snyder）；今年頒獎典禮場地搬到洛杉磯的聯合車站，法蘭西絲領影后獎時開玩笑說：「他們（製作單位）沒來問我，如果問了我會說……我們應該在卡拉OK店舉行。」英國資深影帝安東尼霍金斯以《父親》打敗奪獎大熱的「黑豹」查德維克博斯曼獲頒影帝，成為影史最高齡的奧斯卡演技獎得主。贏家致哀天上黑豹這是霍金斯繼29年前以《沉默的羔羊》之後，第2度獲奧斯卡影帝榮銜。他在家鄉威爾斯不克赴美，揭曉後錄影片向投票給他的美國影藝學院成員致謝，並表示：「特別對查德維克博斯曼致哀，他實在太早離開我們了。」6度提名奧斯卡的霍金斯在《沉默的羔羊》詮釋人魔「漢尼拔」堪稱經典，但他從影60多年來演出的140多部影視作品中，令人難忘的角色不止於此，知名作品還包括《此情可問天》、《長日將盡》、《白宮風暴》。漫威電影宇宙他也有一席之地，飾演《雷神索爾》系列中的索爾父親「奧丁」。《父親》片中，年邁的他罹患失智症，生活能力每下愈況，兒女因此心力交瘁，題材引發共鳴。該角色完全為他量身打造，不論角色名字、生日都和他本人一樣，他曾打趣說：「我拍這部電影，說不定能避免失智！」被問到是否曾因年紀大而考慮退休，他的反應相當強烈：「我放棄事業就會掛掉！我必須當個老戰士，我是鬥士！」還說拍戲是「可領薪水的嗜好」，會繼續拍好戲，讓粉絲很放心。,蘋果日報
2021,4,27,尹汝貞拗老闆小布撒錢　掄女配韓國No.1　卡盧亞《猶大》摘男配,綠葉增輝有「韓國梅莉史翠普」美稱的尹汝貞今年73歲，演活《夢想之地》另類且溫暖的韓國外婆，讓她在獎季入袋的女配獎推進到39座，首度入圍奧斯卡最佳女配角就抱獎，成為韓星第1人，堪稱「韓國之光」。尹汝貞昨典禮上從《夢》片幕後老闆布萊德彼特（小布）手中接過獎座，幽默說：「很開心終於見面了，我們拍片時你在哪？」全場哈哈大笑；男配角得主則是《猶大與黑彌賽亞》的丹尼爾卡盧亞。尹汝貞從影55年，累積逾百部電視劇、36部電影作品，不僅是韓國青龍獎、大鐘獎的常客，也多次出征坎城影展等國際影壇盛事，近年參與《尹食堂》系列綜藝節目也大受歡迎。她去年至今以《夢》片勇奪美國演員工會、英國奧斯卡等38座獎，昨抱回小金人，全韓欣喜若狂。她曾旅居美國10多年，昨領獎時全程以英文致詞，難掩驚訝地說：「今天直接來到這裡，實在難以置信。」擊退戲精謙稱運氣她首度入圍就擊敗《絕望者之歌》葛倫克蘿絲等好萊塢戲精，謙虛說：「我何德何能，可以跟葛倫克蘿絲這樣的名演員競爭，我只是運氣比較好，所以站上這裡。」她致謝《夢》片團隊，也用幽默方式答謝家人：「感謝慫恿我外出工作的2個兒子，多虧他們『嘮叨』，才會有這樣的事（指得獎），媽媽有認真工作！」引發哄堂大笑。挑選禮服只想低調尹汝貞會後與《夢》片製作公司「Plan B」老闆小布合影，媒體問她「布萊德彼特的味道如何」？她率直回答：「我沒聞，我又不是狗！」被問到聊了什麼？尹汝貞說：「我請他下部片多投資點錢，他說會多一點，很妙地閃過。」暢所欲言讓人見識她的真性情。尹汝貞昨穿深藍色長裙走紅毯，香港《蘋果動新聞》訪問為她打理奧斯卡穿搭的造型師Alvin Goh（吳吉倫），人在香港的他透露，從未見過尹汝貞本人，全靠視訊溝通，他接到許多品牌來電願意贊助禮服，「起碼看了250、300件」。他曾為艾瑪華森、瑪歌羅比做造型，「女星通常都希望凸出，但尹汝貞只想低調」，最後選了少見的Marmar Halim深色禮服，「她說最像她」。32歲的烏干達裔英國籍男星丹尼爾卡盧亞（Daniel Kaluuya）以《猶大與黑彌賽亞》摘下最佳男配角，他的家人和朋友在英國透過越洋直播，分享他的榮耀時刻。他致詞時特別感謝母親，竟興奮說出：「我們呼吸、走路，太不可思議了，就像我爸媽他們做愛，太讚了！我很高興能活著，今晚要好好慶祝！」脫稿演出讓老媽傻眼，張大嘴說：「他到底在說什麼？」他妹妹則以雙手抱頭，尷尬到不想面對鏡頭。,蘋果日報
2019,2,28,奧斯卡新后薪水秒翻4倍 笑迎7.7億片酬,奧莉薇亞柯曼以《真寵》在奧斯卡金像獎封后。先接Netflix影集美國娛樂顧問布洛迪庫柏向英國《鏡報》表示，奧莉薇亞能比肩葛倫與「梅姨」梅莉史翠普等重量級女星，「她的奧斯卡讓她的地位與薪酬都立刻晉升好萊塢一線。一夕之間她的吸金力直接翻4倍，有機會開出超過2500萬美元的片酬。」她接下來將在Netflix熱門影集《王冠》飾英國女王伊麗莎白二世，令影迷十分期待。,蘋果日報
2018,3,7,《奧斯卡回響》梅姨強顏續攤20分快閃 吉勒摩榮耀故里 墨西哥歡騰,奧斯卡典禮結束後，明星們都會直接去主席晚宴續攤，在精緻餐點間與影人交流。年年入圍所以年年都會去晚宴的梅莉史翠普（MerylStreep，梅姨），今年再次陪榜後似乎意興闌珊，待不到了20分鐘就先行離開。74歲的頒獎人克里斯多福華肯（Christopher Walken）輕鬆與太太一起吃著點心，他坦言上台時很緊張，事後回想起來「什麼都看不到也聽不到」，似乎不知道台下歡迎他的掌聲有多熱烈。入圍14次的攝影師羅傑狄金斯（Roger Deakins）終於憑《銀翼殺手2049》奪獎，他開心地手握獎座穿梭會場，也大方讓朋友把玩。墨西哥導演吉勒摩戴托羅（Guillermo del Toro）以《水底情深》勇奪奧斯卡最佳導演、最佳影片等4大獎，家鄉瓜達拉哈拉的民眾舉著奧斯卡大金人道具上街遊行，還有街頭樂隊演奏大舉慶祝。當地粉絲都聚集在一起看直播，得知好消息後群眾蜂擁街頭，把橫掃奧斯卡吉勒摩戴托羅視為家鄉英雄。 ,中國時報
2018,3,6,瑪格羅比 老娘叫銀白女神 小珍妮佛化身自光體 妮可基嫚靠腰蝴蝶結...... 深V美炸自己做主,服裝，向來是種宣示。奧斯卡熠熠明星身穿華裝走紅毯，不僅只是為了爭妍鬥麗，在衣香鬢影的奢華之中，其實也傳遞了一些訊息，讓人得以窺見流行時尚、社會議題和「性自主」的大趨勢。黑潮退散 穿美美才是「性自主」傳統女權主義主張「賣弄性感就是物化女性」的論調，已經過時了，女人穿美美才是「性自主」，符合女權主流。今年的奧斯卡紅毯雖仍籠罩在性騷擾醜聞的陰影，但女星已拋開黑色的哀悼與悲情，不願自怨自艾，反倒要大鳴大放、發光發亮，紛紛穿亮色系禮服，甚至裝飾閃亮水晶與亮片的禮服。今年的奧斯卡紅毯不再一片黑壓壓；瑪格羅比穿白色香奈兒訂製服搭鍊帶水晶包，登上奧斯卡紅毯女神；艾瑪史東則穿LV深紅色帥氣褲裝走紅毯，展現女強人氣勢；最開心的莫過於開雲集團老闆娘莎瑪海耶克，她特別選穿GUCCI粉紫色禮服和要價逾400萬美金的Harry Winston珠寶走紅毯。有趣的是，今年奧斯卡紅毯上穿亮片禮服的女星比以往多，如神力女超人蓋兒加朵穿GIVENCHY亮片禮服、珍妮佛勞倫斯穿DIOR亮片禮服，紛紛「自備光環」閃爆紅毯。薑是老的辣熟女女星完勝紅毯熟女女星是今年奧斯卡的另一個亮點，68歲的梅姨、80歲的珍芳達、72歲的海倫米蘭等，皆以不凡的時尚品味和氣勢贏得掌聲。其中年逾半百的妮可基嫚身穿亞曼尼藍色禮服搭OMEGA腕表，再度展現時尚功力。拿下最佳女配角獎的艾莉森珍妮則以一襲Reem Acra紅色禮服，贏得如潮佳評，珊卓布拉克穿LV黑銀色亮面禮服同樣令人驚豔，證明了薑是老的辣。 ,中國時報
2018,3,6,《奧斯卡紅毯》梅姨大紅 撞臉史瑞克神仙教母,梅莉史翠普紅毯造型大器知性。梅莉史翠普的紅毯造型意外撞臉《史瑞克》中的「神仙教母」。「梅姨」梅莉史翠普今年21度入圍奧斯卡，再度刷新自身傲人紀錄，身為紅毯常客的她，這次選擇以一身簡約大紅色長禮服登場，她盤起頭髮、戴上細框眼鏡，大器又知性，但有眼尖網友發現，她的造型與動畫片《史瑞克》中的「神仙教母」如出一轍，逗趣對比意外掀起討論。,自由時報
2018,3,6,金光閃閃 蝶蝶不休紅毯嬌點,平昌冬奧花式滑冰銅牌得主Adam Rippon穿上Moschino變化型西裝走紅毯。 上屆影后艾瑪史東選穿Louis Vuitton酒紅色絲綢外套搭長褲，腰間用桃紅蝴蝶結繫出俏皮氣息。穿著Armani蝴蝶結寶藍色高級訂製服的妮可基嫚，大秀美腿及腳上的紅底鞋王Christian Louboutin。女星比美復古展現甜美強調腰身的五○年代掀起大蝴蝶結裝飾流行，本屆奧斯卡紅毯上也能見到這股復古風潮。上屆影后艾瑪史東選穿Louis Vuitton酒紅色絲綢外套搭長褲，腰間用桃紅蝴蝶結繫出俏皮氣息。穿著Armani蝴蝶結寶藍色高級訂製服的妮可基嫚，高衩剪裁不時大秀美腿及腳上的紅底鞋王Christian Louboutin，新生代潛力女星莎柔絲羅南則是以背後裝飾蝴蝶結的Calvin Klein粉紅色禮服展現宛如洋娃娃般的甜美。亮片光澤搶眼珍妮佛勞倫斯選穿Dior金色亮片禮服，簡約的線條卻像奧斯卡小金人獎座一樣充滿搶眼光澤。蓋兒加朵則是以Givenchy銀色亮片流蘇禮服展現二○年代的狂野奢華，Lupita Nyong'o的Calvin Klein禮服則是用不對稱的肩線設計帶出異國風情。柔色凸顯身材繁複作工的白色、粉嫩色調禮服也受到許多女星歡迎，瑪格羅比以一襲白色香奈兒高級訂製服搭配透明Minaudiere鍊帶硬殼包，柔美典雅又低調貴氣。Ashley Williams、Zoey Deutch皆以透膚輕紗材質打造的粉嫩色禮服現身，高齡80歲的珍芳達則是用Balmain白色俐落線條穿出連年輕人都羨慕的完美身型。姊字輩愛紅色榮獲最佳女配角的愛莉森珍妮，以Reem Acra曳地長袖紅色禮服穿出氣勢，而梅莉史翠普也同樣選擇紅色Dior深V剪裁禮服，展現優雅從容氣質。男星穿著絲絨花美男陽剛帥氣雙排扣博好評「以你的名字呼喚我」席捲全球影展大獎，此次也入圍奧斯卡的三項大獎，也讓劇中的兩位男主角Timothée Chalamet和艾米漢默的人氣水漲船高。艾米漢默身穿Giorgio Armani酒紅色絲絨禮服內搭白襯衫、黑領結及皮鞋現身；年輕的Timothée Chalamet則挑選了由Berluti創意總監Haider Ackermann為他量身打造的全白晚宴服，搭上黑色短靴，既有活力又時髦。「蜘蛛人」Tom Holland的Hermes雙排扣西裝造型，也為他博得紅毯最帥穿搭的好評。刺繡大衣突圍而值得注意的是除了艾米漢默之外，包括了美國男星Ansel Elgort、馬修麥康納、「月光下男孩」的Mahershala Ali，以及「逃出絕命鎮」的Daniel Kaluuya都同樣以不同顏色的絲絨晚宴西裝走紅毯，成為本屆奧斯卡男星們的穿搭趨勢。另外，「黑豹」男主角Chadwick Boseman則不穿西裝，而是以Givenchy的肩部刺繡長大衣的搭配，帥氣登場，讓所有人都感受到他逐漸崛起的氣勢。不僅如此，剛拿下平昌冬奧花式滑冰銅牌得主Adam Rippon也穿上Moschino變化型西裝走紅毯。,聯合報
2018,3,6,法蘭西絲麥朵曼 點名梅姨分享榮耀,第九十屆奧斯卡金像獎最佳女主角幾乎毫無意外，由被稱作「史上最強歐巴桑」的「意外」法蘭西絲麥朵曼獲得，這是她的第二座奧斯卡影后。今年稍早，她也以「意外」獲得金球獎戲劇類最佳女主角。法蘭西絲麥朵曼領獎時情緒非常激動，她自嘲說：「我現在太興奮了，如果昏倒了，麻煩來人扶我一把！」她首先感謝「意外」的導演、編劇，接著感謝她的家人，以及她的丈夫、孩子，謝謝他們多年來對她女權至上的百般忍讓包容。最後法蘭西絲麥朵曼突然彎腰，把手中的小金人獎座放在地上，揮舞著雙手邀請現場所有入圍的女性創作者起立，一同接受現場所有觀眾熱烈鼓掌致意，分享這份榮耀。最特別的是，她專程點名一身紅衣的梅莉史翠普，「因為一旦妳起立了，所有人都會跟進」。法蘭西絲麥朵曼在「意外」中扮演女兒被姦殺的心碎母親，一心只想為冤死的女兒討回公道，但是小鎮警察卻無能為力，她氣憤之下以所有積蓄買下鎮外道路上的三塊大招牌，以自己的方式控訴不公不義，反而引發更大的風波，這位母親雖然不屈不撓，卻也在追尋她想像中的公義的過程中，漸漸明白所謂的「公義」並不是只有一個。法蘭西絲麥朵曼的演出自然不造作，種種複雜情緒轉折層次分明，沒有任何多餘的表情或動作，卻能夠精準傳達主角內心的憤怒與掙扎。法蘭西絲麥朵曼曾經在一九九七年以「冰血暴」獲得奧斯卡影后，她也曾經三度入圍奧斯卡最佳女配角，同時也在二〇一一年與二〇一五年分別斬獲東尼獎（舞台劇）與艾美獎（電視劇），等於包辦所有戲劇領域獎項。法蘭西絲麥朵曼並不是典型的大銀幕美女，過硬的臉部線條反而讓她走出一條「堅毅女性」的戲路，意外成為好萊塢眾多美艷花朵中，一棵與眾不同的仙人掌。,聯合報
2018,3,5,媒體戰役,《大陰謀》、《郵報：密戰》電影海報。 因為集合了金獎導演史蒂芬史匹柏、影后梅莉史翠普與影帝湯姆漢克斯三位得獎常勝軍，電影《郵報：密戰》（The Post）在今年奧斯卡儘管並非提名項目最多，卻是「含金量」最高的。這麼多重量級大咖合作，當然不會是想拍一部普通題材的作品。該片說的是美國史上著名的「五角大廈文件」（Pentagon Papers）事件。主角是英文片名裡點出的《華盛頓郵報》（Washington Post）。五角大廈文件 成就《華郵》《華郵》本是小報，躍升大報主要在於兩大關鍵戰役：「五角大廈文件」事件以及後來的「水門醜聞案」（Watergate Scandal）。在震撼撼性和知名度上，前者不及後者。不過，「水門案」早在1976年時就被拍成電影《大陰謀》（All the President's Men）。而且導演亞倫帕庫拉（Alan Jay Pakula）處理這齣「政治驚悚」（Political Thriller）大戲手法非常出色，不易超越，或許是這個原因，史匹柏選擇了拍攝發生在「水門案」之前的「五角大廈文件」事件。「五角大樓文件案」發生在1971年，替美國軍方擔任分析師的艾爾斯伯格（Daniel Ellsberg）不滿政府介入越戰、操控越南政治、還要欺瞞人民，憤而把國防部有關美國如何捲入越戰、長達7000多頁的機密洩露給《紐約時報》。當時的尼克森政府向法院申請禁制令，禁止《紐時》刊登這些文件。《紐時》一度被阻止了，不過，由發行人葛蘭姆（Katharine Graham）與執行編輯布萊德利（Ben Bradlee）領導的《華郵》卻跑出來接力，繼續登！美國政府以「保護機密」為由，透過法律向這兩家媒體繼續施壓，阻止刊登。不過，美國最高法院最後根據「憲法第一修正案」（First Amendment）對新聞自由的保障，判上述兩家媒體勝訴。政府媒體交峰 拍成《郵報》《郵報：密戰》說的就是這段政府跟媒體交鋒的經過。「五角大廈文件案」是一向標榜「新聞自由」的美國媒體相當驕傲的一仗。影片在這個時候推出，時間點也很適合。當今網路╱社群時代見證了紙媒的式微，但相對的卻造成假新聞(Fake News)充斥。弔詭的是，對媒體很不友善的美國總統川普點名製造「假新聞」的媒體之中，《紐時》與《華郵》都榜上有名。《郵報：密戰》這部電影的推出，其實頗有捍衛（查證比較嚴謹的）傳統紙媒的意味。Post 可指投遞 可指張貼Post這個個字用法很廣。加上定冠詞The，就變成《郵報》。當動詞用，可以指「投遞」，所以郵差的英文是Postman。它也可以指「張貼」，例如在網路上貼文，就用Post這個字。它同時又以當「字首」（Prefix）用，表示「在....之後」。例如之前很夯的一套學說「後現代主義」，英文就是Postmodernism。,聯合報
2018,3,6,梅姨奧斯卡18摃創紀錄 法蘭西絲封后 歐德曼稱帝,蓋瑞歐德曼首度在奧斯卡稱帝，開心緊握小金人獎座。歐新-埃菲社法蘭西絲麥多曼以《意外》2度封后，臉上盡是喜悅。美聯社梅莉史翠普爭影后失利，第18度摃龜，也創紀錄。路透墨西哥導演吉勒摩戴托羅執導《水底情深》摘4獎，風光至極。歐新-埃菲社現年59歲的歐德曼入行36年，近年台灣觀眾最熟悉的角色是「天狼星布萊克」和《黑暗騎士》3部曲「高登警長」。他在《最黑暗的時刻》詮釋已故英國首相邱吉爾，細膩揣摩聲音、表情，打敗3屆影帝丹尼爾戴路易斯，首奪小金人。他感謝導演喬萊特和劇組，並致敬將滿99歲的母親：「謝謝妳的愛與支持！」表示要把小金人當生日禮物獻給母親。《意外》悍母21年後揚威歐德曼結婚5次，1月獲金球獎影帝後，第3任妻子唐雅便控訴他在4年婚姻期間對她言語、肢體施暴，毀了她的人生。但醜聞未影響歐德曼的得獎運，新婚半年的現任妻子姬賽兒舒密特在台下分享榮耀。60歲的法蘭西絲1997年以《冰血暴》首度封后，睽違21年第2度擁抱小金人。《意外》片中她女兒被姦殺，警方遲遲找不到兇手，她砸錢買下3塊廣告看板嗆警長，展現強悍母性，被喻為「最強母親」，再度揚威奧斯卡實至名歸。《水底情深》4獎大贏家她昨致辭也一樣鏗鏘有力：「現在我要每個獎項的女性入圍者站起來，演員、製片、導演、編劇、攝影師、作曲家、設計師，所有的人。請看看妳們左右，我們有故事要說，有企劃需要資助……。今晚我有2個字要送給大家，各位女士先生，『包容條款』,蘋果日報
2017,2,28,最佳影片變最大烏龍 奧斯卡大贏家《樂來越愛你》空歡喜,第89屆奧斯卡金像獎頒獎典禮（89th Academy Awards）在台灣時間27日上午9點30分於洛杉磯杜比劇院舉行，脫口秀主持人吉米基默（Jimmy Kimmel）主持。典禮高潮、頒發最大獎「最佳影片」時，出了奧斯卡史上最大烏龍！最佳影片得獎者應是《月光下的藍色男孩》，但頒獎人華倫比提（Warren Beatty）與費唐娜薇（Faye Dunaway）公布的卻是《樂來越愛你》！《樂》片一票人員開心衝上台，致詞到一半卻硬是突然被打斷，製片喬丹霍洛維茲（Jordan Horowitz）尷尬向台下宣布：「出了一點錯…《月光下的藍色男孩》才是最佳影片，這不是開玩笑。」現場嘩然一片。今年男主角由班亞佛列克（Ben Affleck，小班）的弟弟，凱西亞佛列克（Casey Affleck）以《海邊的曼徹斯特》拿下，他一上台就先感謝被他視為啟蒙者、也是今年男主角入圍者的丹佐華盛頓（Denzel Washington），除特別感謝導演肯尼斯洛勒根（Kenneth Lonergan）外，把演出機會讓給他的監製麥特戴蒙（Matt Damon）當然也沒忘記。凱西亞佛列克入戲他在片中飾演為逃避過去，住在波士頓的一名水電工，因哥哥意外逝世，讓他不得不回到位在麻州的傷心地「曼徹斯特海邊」，並成為姪子的法定監護人。他一方面要應付兩代間的溝通隔閡，另一方面還要面對擁有新家庭的前妻，他壓抑在絕望邊緣的悲傷情緒，及收放起伏內斂的演出，渲染力極強。艾瑪擊敗資深強敵艾瑪史東（Emma Stone）在《樂來越愛你》飾演努力不懈追求星夢的小演員，道盡所有演員的心聲。28歲的她不負眾望拿下最佳女主角，華麗擊敗梅莉史翠普（Meryl Streep，梅姨）、法國影后伊莎貝雨蓓（Isabelle Huppert）等資深強敵，她謙虛向其他入圍者致敬：「與妳們並列已是我的榮幸，能獲獎更是我最大的榮譽。」她也不忘將她一手捧上影后的導演達米恩查澤雷（Damien Chazelle），「感謝達米恩給我這機會。」今年大贏家是《樂來越愛你》，該片平了奧斯卡入圍14項的紀錄，最後僅抱回最佳導演、女主角、美術設計、攝影、原創配樂、原創歌曲等6獎，無緣超越1959年《賓漢》、1997年《鐵達尼號》和2003年《魔戒三部曲：王者再臨》締造的11獎紀錄。（相關新聞刊B1～B4、星光紅毯新聞請見C1、C2）。 ,中國時報
2017,2,28,3次 戴維絲創非裔女星入圍紀錄,大家都熟知梅莉史翠普（Meryl Streep）以幾乎每年一次的步伐，不斷更新奧斯卡入圍次數最多的影史紀錄，本屆靠《走音天后》將紀錄拉抬到20次的高門檻。但今年終於以《藩籬》奪下最佳女配角獎的薇拉戴維絲（Viola Davis），也以３度入圍的次數，創下非裔女演員的影史紀錄，懸殊的差距或許可看出少數族裔在好萊塢最高殿堂面臨的挑戰。 ,中國時報
2017,2,28,薇拉戴維絲爬出垃圾桶摘金 貧困飢童搖身最佳女配角,在本屆奧斯卡頒獎典禮上，一路走來覓無敵手的薇拉戴維絲（Viola Davis），毫無懸念以《藩籬》奪下最佳女配角獎。薇拉曾以影集《謀殺入門課》獲艾美獎視后殊榮，但電影作品始終與大獎無緣，已２度與小金人擦身而過，但她在《藩籬》中的演出令人讚賞，今年初先奪金球，又獲演員工會等獎項肯定，一步步走上奧斯卡舞台，不過成功之路得來不易，如今在好萊塢終於站穩地位的她，有過一段難以想像的赤貧童年：「我曾經為了食物偷竊、甚至爬在長滿蛆的垃圾桶裡翻找。」曾因貧窮而羞愧「我雖然擁有許多快樂回憶，但家中環境其實窮愁潦倒。」非裔美籍的薇拉成長在羅德島一間鼠群肆意竄跑的簡陋公寓，是當時美國５個小孩中就有１位的「飢餓兒童」，對她來說「每個挨餓的早晨都讓每天顯得更加疲憊」，就算人在學校上課，卻也總是在睡覺，因為她手邊連課本都沒有。這段缺乏美好的回憶，一度讓她覺得「萬分羞愧」，直到2014年才終於跨過心理障礙，勇敢和大家分享人生歷程，她昨得獎時除不忘感謝家人一路陪伴，也謝謝手足「當年和我在扮家家酒裡一起扮演有錢白人」，這段話比照她的真實生活，更令人敬佩她翻轉人生的能力。「我不敢相信我的人生。」51歲薇拉充滿感恩地說：「儘管自幼貧窮，但我總是希望成為『大人物』，並且專精於某件事，而這真是一個上帝的奇蹟。」她也鼓勵所有希望從底層翻身之人：「把夢作大，並且期許能堅持並等待結果，說不定就會美夢成真，誰知道呢？」但造就薇拉的是不服輸也無懼挫折的性格，她對於「擁抱失敗」有著比其他人還要透徹的殘酷領悟：「如果一個人盡是吹噓自己的成功和強壯，那有百分之百的機會是在說謊。」接著解釋：「人生無論是進入一個階段、脫離一個階段，或是正準備進入，總會經歷離婚、分手或被炒魷魚，每件事情都有可能帶給你挫折。」成非裔女星榜樣薇拉在高中時被視為「怪胎」，但因對舞台的熱愛獲得羅德島大學的獎學金，並選擇戲劇為主修科目，開啟演戲生涯，從舞台劇起家，逐漸走入百老匯和電影，2008年在《誘·惑》和梅莉史翠普（MerylStreep）同台飆戲，入圍奧斯卡最佳女配，2011年則以非裔女性題材電影《姊妹》入圍影后，雖未能獲獎，但戲約不斷，主演的影集《謀殺入門課》叫好叫座，成為首位艾美獎非裔視后，更晉升成為該劇製作人。如今終於拿下奧斯卡，薇拉的演藝生涯儼然成為許多非裔女星的榜樣，而她也不吝於為同伴發聲，她至今仍常因膚色被提醒和別人「不同」，並受到漠視，過去甚至經常沒收到典禮的邀請，但現在的她不會退縮，「我不想讓這一切政治化，只是想舉手提醒身邊的人，我是個女性而且有我個人的美麗。」更重要的是：「我有我自己的故事要說。」她今年１月在演員工會上領獎時特別表示，「我不認為今年有許多非裔入圍者是因為過去『奧斯卡太白』，而是因為這些人投入於他們的工作。」雖然她也為非裔電影在今年獎季的耀眼而感到開心，但仍擔心明年是否會後繼無力，未能呈現足夠作品，而又會因為銷聲匿跡而淪為話柄。她昨上台時激動哽咽訴說自己從事演藝工作的原因，她認為有價值的故事就在「墓園」，「要從屍體中挖掘出那些曾經有過，卻未能實現的夢想，那些愛過卻又失去的人。」再度強調了她勇於面對失敗的價值觀，「我成為了一個藝術家，為此我衷心感謝上帝，因為這是唯一一個慶賀生命意義的職業。」感謝丹佐華盛頓薇拉領獎時大力感謝原著舞台劇的已逝作者奧古斯特威爾森（August Wilson），她在2010年曾以該舞台劇獲東尼獎最佳女主角，除感謝劇組工作人員外，更稱導演丹佐華盛頓為「我的隊長」，該片由丹佐自導自演，第２次和薇拉合作的丹佐開玩笑說找她演女配角「已經是盡全力幫助她」，但當然不吝稱讚她是很棒的演員，更表示：「這次該輪到她了！」薇拉將過去辛苦的人生作為養分，不但發揮在演戲事業，更努力打造美滿家庭，2003年和演員朱利葉斯坦農（Julius Tennon）結婚，稱老公是「生命中的基礎」，２人在2011年認領一個女兒，昨出門前往頒獎典禮前，５歲的女兒還安慰她：「媽咪，要冷靜喔！」而母親則含著淚對薇拉說：「我愛妳！」儘管薇拉與父母共同經歷物質並不豐富的年少時代，但她依然感謝老天讓她成為他們的女兒，昨上台時稱父母為「我的宇宙中心」：「是你們教導我分別好壞、如何失敗、如何去愛，甚至去握著獎座和榮耀，又懂得失去。」。 ,中國時報
2017,2,28,觀光客亂入 丹佐順便證婚,現場三度用小降落傘空投零食，滿屋子大明星都超興奮。 賈斯汀從場外唱進舞台，炒熱開場氣氛。 哈維爾巴登與心目中的女神梅莉史翠普一起頒獎。 第89屆奧斯卡金像獎頒獎典禮在一片驚愕聲中落幕，但撇去最後的最佳影片頒錯獎大烏龍，整個頒獎典禮依然算是流暢，而且頗有新意。從開場時賈斯汀從門外唱進舞台，到途中三度滿天小降落傘大送零食、觀光客「亂入」會場、三組兩代巨星搭檔頒獎，以及主持人吉米金莫不斷惡搞好基友麥特戴蒙、大酸美國新任總統川普，都是讓人印象深刻的設計。典禮以賈斯汀演唱入圍最佳原創歌曲的「擋不住的感覺」開場，從場外一路唱上舞台，炒熱全場。現場三度以滿天小降落傘空降零食，盛裝打扮的好萊塢大明星們，搶零食搶得像是一群小朋友。還有一團觀光客「亂入」現場，走在滿場大明星之間，興奮地舉起手機拍個不停。丹佐華盛頓在與一對未婚夫妻玩自拍之餘，還「順便」當了證婚人。今年也設計三組老少巨星搭檔頒獎，傳達致敬與傳承之意，場面溫馨。主持人吉米金莫平日就常以「玩弄」麥特戴蒙為樂，兩人的「戰火」也一路延燒到奧斯卡。先是吉米取笑麥特「非常無私」，把「海邊的曼徹斯特」男主角讓給凱西艾佛列克，自己跑去演「中國馬尾電影（意指「長城」）」；麥特又趁吉米下台時報復，故意伸腳絆他；最後吉米在麥特擔任頒獎人時，跑去指揮樂隊，故意奏樂讓他開不了口。另一個隱形主角則是美國總統川普，吉米在中場時故意說：「川普到現在都還沒在推特發文，他還好嗎？」他當場用手機發文標記川普，還特別說「梅莉史翠普跟你打招呼」。,聯合報
2017,2,28,奧斯卡很政治…焦點全是川普,美國總統川普並未出席今年奧斯卡獎頒獎典禮，白宮發言人史派瑟也說川普不會看轉播，但全場焦點卻都是他。主持人吉米金莫一開始就拿川普開玩笑，他說：「我想向川普總統道謝。記得去年奧斯卡獎充滿種族歧視？那都過去了。」他明指今年眾人矚目的不再是主持人或獎項分配，而是川普。不過吉米金莫也適可而止，他請意見分歧的美國民眾彼此多對話。此外，吉米金莫要全場起立，為遭川普批評的資深女星梅莉史翠普打氣。吉米金莫還補上一刀說，梅莉史翠普的服裝很漂亮，「是伊凡卡的嗎？」川普女兒伊凡卡的服飾品牌不久前被百貨公司下架，川普抱怨女兒遭到不公平對待。吉米金莫還拿川普攻擊媒體、白宮發言人不讓紐時等媒體參加記者會一事開玩笑，他說，要請現場的紐時、ＣＮＮ、洛杉磯時報記者等人離開，因為「我們絕不容忍假新聞」。包括入圍最佳女主角的蘿絲奈格、最佳男主角的安德魯加菲、最佳原創歌曲的林─曼努爾米蘭達，及紀錄片編劇艾娃杜韋奈在內的藝人，都在胸前佩帶支持美國公民自由聯盟（ＡＣＬＵ）的藍絲帶出席。非營利組織ＡＣＬＵ最近針對川普發布的七國旅遊禁令提出訴訟。入圍最佳外語片導演的六位導演發出聯合聲明，譴責美國如今一片「法西斯氣氛」。伊朗製片人阿斯哈法哈蒂以「新居風暴」拿到第二座最佳外語片獎。他早已因川普的旅遊禁令而宣布不出席頒獎典禮，而是請兩名伊朗裔美國人代表出席，兩人代讀聲明說，「我缺席，是為了尊重受到不人性旅遊禁令汙辱的祖國和其他六國民眾」。今年獲得最佳影片大獎的「月光下的藍色男孩」是有關黑人同志戀情的故事，以該片奪下最佳男配角獎的馬赫夏拉阿里是史上第一個贏得演員項目獎項的穆斯林，最佳動畫片「動物方城市」講的是各種動物設法和平共存。法新社說，這些得獎者都隱含好萊塢槓上川普的訊息。,聯合報
2017,2,27,數字看奧斯卡 首屆典禮15分鐘,第89屆奧斯卡金像獎頒獎典禮今天登場，這個備受全球矚目的典禮從1929年首度開辦以來，總共已頒出3048座小金人。以下整理自影劇網站娛樂、奧斯卡獎官方網站，一窺奧斯卡多項數字趣聞。今年《樂來越愛你》入圍最多，共14項提名，追平《彗星美人》和《鐵達尼號》。梅莉史翠普今年以《走音天后》獲得最佳女主角提名，是她個人第20度入圍奧斯卡。今年有7名非白人入圍奧斯卡，包括丹佐華盛頓、馬赫夏拉阿里、戴夫帕托、蘿絲奈格、薇拉戴維絲、娜歐蜜哈瑞絲、奧塔薇亞史班森。梅爾吉勃遜睽違21年再度入圍奧斯卡。他在1996年以《梅爾吉勃遜之英雄本色》拿下最佳導演與最佳影片獎。奧斯卡頒獎典禮1929年5月16日首辦以來，迄今（不包括2017年）共頒出3048座小金人。得獎感言上限45秒鐘。1929年首屆奧斯卡典禮前後僅15分鐘。,聯合報
2017,3,1,奧斯卡信封門 元凶自首滅不了火 華倫比提爭開獎陰費唐娜薇,事發現場「信封門」烏龍始作俑者是資誠會計的會計師布萊恩庫利南和瑪莎路茲，《樂來越愛你》製片喬丹霍羅威茨、頒獎人華倫比提和主持人吉米基墨緊急商討對策，右為頒獎人費唐娜薇。法新社帥哥偷笑《樂來越愛你》男主角萊恩葛斯林聽到頒錯獎，被拍到在台上雙手抱胸、掩嘴偷笑的表情，彷彿置身事外，笑看這齣鬧劇。美聯社群星驚呆奧斯卡最佳影片前天頒錯獎時，梅莉史翠普、光頭巨石強森、麥特戴蒙、蜜雪兒威廉斯等人目瞪口呆，留下這張經典照片。信封門事件餘波盪漾，資誠會計昨發聲明道歉：「資誠會計要為昨晚奧斯卡所發生一連串的錯誤負全責，合夥人布萊恩庫利南錯把最佳女主角的備份信封拿給華倫比提和費唐娜薇，而不是給他們最佳影片的信封。當錯誤發生時，他和搭檔也未及時反應更正。」會計師玩推特釀禍美國媒體指出，布萊恩庫利南在頒獎典禮上只顧著玩推特，在最佳影片頒獎前一刻還po影后艾瑪史東在後台的照片，因此才會搞出「信封門」。此外，TMZ網站爆料，華倫比提和費唐娜薇彩排時為了由誰念得主而爭吵，消息人士透露，他們都想念得獎名單，但費唐娜薇堅持由她來，華倫比提最後退讓成全她。前天他疑似發現信封有誤，也沒提醒她，先說「最佳影片得主是」，然後把卡片遞給她，她不疑有他大剌剌念出《樂來越愛你》，因此傳出華倫比提惡搞她的陰謀論。不過，2人都未回應此事。華倫比提當時在台上解釋：「我想告訴你們發生什麼事，我打開信封，上面寫著艾瑪史東、《樂來越愛你》，這是我為什麼花了很長的時間看著費唐娜薇和你們，我不是要賣關子。」他回到後台被問到為什麼會拿到錯誤的信封，表示：「我已經問了，還沒得到答案。」川普嗆太關注政治奧斯卡主持人吉米基墨前天拚命酸美國總統川普，川普昨受訪提到信封門烏龍，回嗆：「我覺得他們太專注於政治，最後才亂了套，昨晚感覺不是非常光彩的一夜。」,蘋果日報
2016,3,5,《我見我思》李奧納多匍匐前進,【黑鳥麗子】李奧納多無疑是本屆奧斯卡最大焦點，但《神鬼獵人》真是部「不容易」的作品，不容易拍、不容易演、看起來更不輕鬆。朋友說驚心動魄、熊演得真好；也有人說這種大場面才值得進電影院欣賞。無論如何，李奧納多以本片拿下影帝，證明演戲的是瘋子，而他，無疑是本屆最瘋的一位。電影改編自19世紀初美國人格拉斯遭熊攻擊、被同伴遺棄雪地卻奇蹟存活的真實遭遇。片中格拉斯熟知原住民習性，受僱擔任皮毛大隊嚮導，半路他遇熊襲擊受重傷，因而影響隊伍撤退速度，同伴原先承諾為他送終，半癱的他卻眼睜睜看著同伴殺害兒子、遺棄自己，在荒山雪地裡掙扎求生，一心復仇。這很像武俠小說的開場，只是格拉斯沒有雪地奇遇，他靠著向原住民學來的荒野求生技術燒火藥讓喉頭傷口結疤、築圍捕魚，「馬屍裹人」存活下來，在同樣家破人亡的善心印地安人（也不是神祕老者或鵰兄）協助下，傷勢一夕好轉，還救了另一個女孩（剛巧是酋長遭人擄走的女兒，但與「風中奇緣」無關），終於一拐一拐回到營區討公道。李奧納多是我輩心中小鮮肉偶像第一代，19年前的《鐵達尼號》全球爆紅卻始終與奧斯卡無緣。上部作品《華爾街之狼》滿嘴髒話、放浪形骸，已經看出他想得獎的企圖心，可惜輸給為戲減重21公斤的馬修麥康納。這次《神鬼獵人》更像苦肉計，徹底放棄外表，滿臉大鬍子，後來更是全身血汙、氣若游絲，卻主控全場讓觀眾透不過氣。當他在雪地裡九死一生、睫毛沾著雪花匍匐前進，戲裡戲外都像宣告，「我什麼都願意做，絕對不放棄。」這樣的演出當然辛苦，且設下更高的得獎門檻。以前演員鑽研角色做功課，從口音、神態下功夫，像梅莉史翠普出了名善用口音塑造角色。本屆威爾史密斯在《震盪效應》巧扮法醫，帶著濃厚的非洲腔追索美式足球明星自殺的幕後真相，劇本與角色都出色，卻連入圍機會都沒有，除了膚色，李奧納多犧牲式的演出，當場讓口音轉換變成小兒科。台灣影壇不缺年輕帥哥，但往往瞬間爆紅成男神卻後繼無力，拿不出代表作。《鐵達尼號》後李奧納多一直想跳脫偶像包袱，一路挑劇本、不重複角色，並且一再自我突破，終於受到奧斯卡肯定。這條明星專屬的「天堂路」是各位男神很好的借鏡。國民黨也可以對號入座，選後形同遭熊攻擊重傷血流至今不止，只剩龐大黨產引起諸多禿鷹、土狼圍觀，同志們早另謀生路去了，重傷的國民黨還有沒有求生意志？是不是還有人在他耳邊鼓勵「只要一口氣在就不放棄呼吸」？龐大卻無用的黨機器還有能力匍匐前進嗎？（作者為自由作家）。,中國時報
2016,2,29,奧斯卡最悲情摃龜天王 不是李奧納多,彼得奧圖8度爭取奧斯卡影帝都落空，獲梅莉史翠普獻上終身成就獎。第88屆奧斯卡金像獎頒獎典禮的最大焦點之一，是第5度入圍的李奧納多狄卡皮歐能否終獲影帝大獎。崛起於1990年代的他，向來深受年輕觀眾喜愛，很多影迷也視他無緣奪得小金人為一大遺憾。不過，翻開歷史，李奧納多狄卡皮歐絕對不是奧斯卡最悲情的摃龜天王，就算比起幾位前輩影帝，他也不是被投票會員修理得最慘的一位。奧斯卡史上至尊無冕王，應算是李察波頓與彼得奧圖這對愛恨糾結的酒友，他們曾一同合作「雄霸天下」，雙雙入圍影帝，一起敗在「窈窕淑女」雷克哈里遜的手下。李察波頓總共提名一次男配角與6次男主角，雖然是從英國跨過大西洋到好萊塢發展的過江龍，還曾登上全美最有票房號召的10大影星排行榜，與伊莉莎白泰勒兩度分合的感情更是長期霸占媒體頭條。他最後一度以「戀馬狂」電影版入圍奧斯卡影帝，不少人以為終於該輪到他勝出，哪知道投票會員把支持票給了年紀才他一半強的另外一位李察—「再見女郎」李察德瑞佛斯。7度敗北的李察波頓雖然不悅，外界仍認為他還有機會，不料他在58歲因腦溢血於瑞士去世，奧斯卡不僅永遠無法還他一個公道，連用終身成就獎來彌補都不可能。同樣因嗜好杯中物差點危及性命的彼得奧圖，比老友李察波頓多活了22年，奧斯卡也仍然無法給他一座早該到手的影帝大獎。他在成名作「阿拉伯的勞倫斯」演出已是公認影史經典，可惜那時初成名，無法撼動其他藝壇前輩的奪獎氣勢，之後數度提名，每次都有強勁對手而落空。2003年美國影藝學院決定頒給7度入圍最佳男主角都空手的他一座終身成就奧斯卡獎，他本來婉拒，還表示自己「還在奮戰」，影藝學院堅持他若不接受仍會頒發，並請出史上入圍次數最高的梅莉史翠普代表獻獎，做足面子，老先生才答應出席頒獎。3年多後，他果然端出畢生功力大展現的「維納斯」，以74歲高齡第8次入圍奧斯卡影帝，無奈還又敗給「最後的蘇格蘭王」佛瑞斯特惠塔克，至今仍是男演員中入圍最多次影帝、沒有得過正式獎項的紀錄保持者。英倫專出好演員，另一位與李奧納多狄卡皮歐一樣入圍4次男主角與一次男配角的亞伯芬尼也是來自於此，他不到28歲就於奧斯卡最佳影片「湯姆瓊斯」飾演主角並首度贏得奧斯卡提名，之後在「東方快車謀殺案」扮演偵探小說女王克莉絲蒂筆下神探白羅，第2次入圍奧斯卡影帝，距今最後一次提名是和茱莉亞羅勃茲合作的「永不妥協」。比起李奧納多今年可望不再遺憾，亞伯芬尼能勝出的機會愈來愈小，值得同情。奧斯卡獎多半不願意在男星正青春時肯定演技，三十多歲能得獎算是備受寵愛的異數，李奧納多狄卡皮歐今年41歲，若勝出也不算太遲。影史傳奇巨星保羅紐曼，年輕時憑著湛藍雙眼與帥氣外表，成為無數美國女性的夢中情人，在票房明星排行榜上呼風喚雨的氣勢是李奧納多尚且不及。他直到第7度入圍奧斯卡影帝且前一年已經拿了終身成就獎後，才以「金錢本色」榮登最佳男主角，當時62歲。曾經被票選為影史最佳演員的艾爾帕西諾，以成名代表作「教父」首度入圍奧斯卡最佳男配角，傳他不滿自己被打入配角，片中戲份比他少的馬龍白蘭度反倒榮獲影帝，自此被影藝學院「修理」，幾度提名最佳男主角都摃龜。在同儕傑克尼柯遜、達斯汀霍夫曼、勞勃狄尼洛都已拿到兩座小金人之後，他還未破蛋，仍然在等。1993年「女人香」本來未受太多期待，但或者大家意識到不該再虧待他，當年他另以「大亨遊戲」入圍男配角，典禮上雖然先揭曉的男配角落敗，後頒發的男主角總算是他勝出，他走上台時，全場起立鼓掌、有如終身成就頒獎，此時他已52歲，第8個提名才終結悲情。,聯合報
2015,2,24,翹臀珍胸口險失守 自拍安魂,「翹臀珍」珍妮佛蘿培茲因為不用等放榜，是當天最放鬆的藝人之一，連胸口也很放得開，Elie Saab的深V禮服Hold住呼之欲出的雙峰。一向強調排場的翹臀珍在頒完獎走回後台時，因踩到裙擺差點仆街，幸好克里斯潘恩扶住，才安全走下台。確定沒她的事後，翹臀珍copy去年艾倫狄珍倫的梗，分別與梅莉史翠普，以及珍妮佛安妮斯頓和男友賈斯汀瑟魯玩自拍，上傳到她的Instagram。,自由時報
2015,2,24,派翠西亞為女權發聲 梅姨喊讚,46歲女星派翠西亞艾奎特以《年少時代》在競爭激烈的最佳女配角獎項殺出重圍，擊敗「梅姨」梅莉史翠普、艾瑪史東、琪拉奈特莉和蘿拉鄧等強勁對手，不忘在致詞時為女權發聲。派翠西亞在致詞接近尾聲時疾呼：「給每個為這個國家生下納稅人及公民的女性，我們仍在為了人人平權而奮鬥，現在該是我們取得薪資平等和女性平權的時候了！」這段致詞獲得全場熱烈掌聲，梅姨更起身向她大喊「Yes！」珍妮佛蘿培茲也為她的直言歡呼叫好。 ,自由時報
2015,3,1,模仿遊戲高人氣 穩坐新片冠軍,「模仿遊戲」在台上片兩天票房破千萬。「模仿遊戲」在台上片兩天票房破千萬。奧斯卡頒獎典禮雖已落幕，獲最佳改編劇本的「模仿遊戲」228假期才在台上片，但男主角班奈迪克康柏拜區人氣高、號召力強，全台票房兩天破千萬，穩坐新片冠軍。「模仿遊戲」將二戰期間英國數學家艾倫圖靈領軍破解納粹密碼的經過搬上大銀幕，他的卓越貢獻因個人性向使得生前未能獲得榮耀，反而結局淒涼。班奈迪克精湛演出首度入圍奧斯卡影帝，雖然被同樣飾演真人科學家的同鄉同業艾迪瑞德曼打敗，仍舊贏得粉絲激賞，為他無緣拿下小金人抱屈，直呼這是他從影以來的巔峰表現。8部提名最佳影片除橫掃全美的「美國狙擊手」外，就屬「模仿遊戲」最賣座，北美票房已破8400萬美元。奧斯卡場外話題同樣餘波蕩漾。Star周刊報導，奧斯卡影后娜塔莉波曼在「浮華世界」舉辦的慶功宴上，極力迴避和珍妮佛安妮絲頓面對面，因為娜塔莉波曼和安吉莉娜裘莉是同一國的。一度娜塔莉波曼在盥洗室附近差點和阿珍面對面，好在另一位影后瑞絲薇絲朋及時介入，化解尷尬。新一代演技派代表潔西卡雀斯坦想跟「戲精」梅莉史翠普請益，梅姨的眼神卻顯得很敷衍。,聯合報
2015,2,24,JK西蒙斯輕取36座男配 女配派翠西亞爭平權,致辭謝愛妻現年60歲的西蒙斯在《進》片飾演火爆的樂團老師，為激發鼓手的潛力，對他甩巴掌、砸鼓鈸，還以不堪入耳的言語羞辱他，逼真演技令人起雞皮疙瘩，席捲各大電影獎，包括小金人共抱回36座最佳男配角獎。他昨致辭感謝愛妻、子女和雙親，並提醒大家：「打電話給你的父母，不要傳簡訊、寫電郵，打電話告訴他們你愛他們、感謝他們。」投12年青春46歲的派翠西亞阿奎特投入12年拍《年》片，飾演獨力帶大2名子女的單親媽媽，寫實、細膩的演技令人動容。她領獎時不忘為女性平權請命：「各位母親、納稅人和所有的美國公民，現在是我們為美國婦女要求薪資平等、女性平權的時刻。」台下的梅莉史翠普等女星紛紛振臂認同。,蘋果日報
2015,2,26,槓龜巨星加持 樂高小金人夯過本尊,去年奧斯卡頒獎典禮上，因「史上最強自拍照」讓三星手機成為最大獲益者，今年奧斯卡上《樂高玩電影》意外沒入圍最佳動畫長片獎，卻因表演主題曲〈真是太樂搞了〉時現場發送「樂高奧斯卡」，讓樂高積木成為本屆暴紅的受益品牌。諷刺的是，對該片故事中的樂高人物來說，被用膠水黏起來是積木最殘忍的下場，但當晚每座由500塊積木組成的獎座，為避免當場解體，全都被膠水黏得死死的。20座樂高奧斯卡當晚奇貨可居，幾乎比小金人本尊還搶手，梅莉史翠普、艾瑪史東等陪榜巨星，整晚都拿著樂高奧斯卡趴趴走，成為最佳代言人。《樂高》全球狂賣147億台幣，在北美更是2014年票房第５的電影，影評好評度高達96％。華納影業25日趁熱宣布，續集由影集《廢柴聯盟》導演羅伯施洛伯接手，預計2017年上映。,中國時報
2015,2,25,《玩具模型》星光加持 樂高版小金人「身價」高,第87屆奧斯卡頒獎典禮上，最出鋒頭的道具非「樂高小金人」莫屬，沒拿到金像獎的梅莉史翠普、布萊德利古柏等大牌明星，都手握一只塑膠版的樂高小金人自娛。據了解，這是紐約樂高藝術家NathanSawaya花了好幾天時間，用500個積木拼黏而成；網路達人樂高王子表示，要拼出一只奧斯卡樂高小金人，材料大約兩、三千元即可搞定，他大約花幾個小時即可堆出一個一模一樣的。樂高王子表示，物以稀為貴，奧斯卡樂高小金人如果沒有設計師、演員的簽名，值不了什麼錢，只要稍有功力的樂高迷都可以做。由於樂高迷會瘋狂蒐集某個產品，通常都是由樂高公司宣布限量、有樂高的認證、LOGO、說明書與紙盒，整組保存得很好才值錢。而樂高小金人牽涉到演藝圈，對於粉絲來說，如果有那個明星的簽名，又是獨一無二的，那它的價值就會很高，上萬元絕對跑不掉。,中國時報
2015,2,25,影后加持 大耳環閃亮亮 茱莉安摩爾 戴蕭邦豔冠群芳 葛妮絲派特蘿 情歸Anna Hu,奧斯卡落幕，群星閃耀的餘韻仍令人品味再三，在女星一片封胸秀美背下，項鍊似乎不再主導時尚趨勢，從新科影后茱莉安摩爾到梅莉史翠普等五大影后，皆情繫大耳環，另外，鑽石手環也迷倒艾瑪史東與妮可基嫚等，成為穿搭配件黑馬。■珠寶顯大器手腕更閃耀在禮服吹起氣質風下，茱莉安摩兒、露琵塔尼詠歐與瑪莉詠柯蒂亞收起性感，以粉嫩禮服展現知性，三人耳際間的蕭邦Chopard大鑽飾耳環，襯托出影后大器卻低調，梅姨也以鏤空大耳環為一身俐落褲裝注入柔情。葛妮絲派特蘿、娜歐蜜華茲情歸AnnaHu，各以123.88克拉紅碧璽與50克拉藍寶耳環呼應禮服色調；史嘉莉喬韓森的伯爵Piaget不對稱祖母綠耳環也襯托美豔，讓大耳環成為紅毯必備珠寶。群豔環繞盛會，想脫穎而出，女星「手腕」也得要夠高超，菲麗希緹瓊斯與薇拉戴維絲腕間VanCleef＆Arpels鑽石手環、手鐲襯托禮服與膚色，讓鑽光更為閃耀；艾瑪史東、瑞絲薇絲朋、妮可基嫚不約而同選擇Tiffany、HarryWinston鏤空鑽石手環，不難看出手環已成老將新秀的心頭好。■男生比「腕力」影帝搭蕭邦不只女星爭寵，男星也公然比「腕力」，32歲的新科影帝艾迪瑞德曼一只蕭邦L.U.C.XPS鉑金腕表搭配藍西裝，搭出輕熟男活力；另一位在13年前，29歲時就在奧斯卡稱帝，堪稱影史上最年輕影帝的安卓布洛迪與上屆影帝馬修麥康納，則以寶格麗經典八角造型OCTO腕表展現熟男品味。,中國時報
2015,2,24,羅莎蒙派克開衩現腿 控制紅毯 梅莉史翠普氣勢鎮場 卡卡糗淪洗碗工,2015奧斯卡星光大道上老將、新秀競豔，以《控制》一片暴紅的羅莎蒙派克，身穿大紅色Givenchy禮服正如她的高人氣，前開衩設計讓她行走間放送美腿，豔冠群芳，成為大黑馬。穿著俐落褲裝的梅莉史翠普，以「姊就是梅姨」的強大氣勢Hold住全場，為前輩們扳回一城。露琵塔再度風光今年後起之秀來勢洶洶，去年「衣」鳴驚人的露琵塔尼詠歐，這回再度風光，鑲滿逾6000顆珍珠的純白禮服驚豔全場，知名造型師佘筱茵讚美：「整體造型完美，性感拿捏得宜。」星二代達可妲強生一襲SaintLaurent紅色禮服非常搶鏡，劉海稍嫌不夠隆重，但在奧斯卡紅毯菜鳥中，表現可圈可點。反觀紅毯老將缺乏驚喜之作。佘筱茵認為，今年眾女星收起爆乳、露背等性感伎倆，企圖以優雅取勝，但少了胸器、美腿轉移焦點，小瑕疵反被放大。例如妮可基曼造型略微保守，手拿包、紅腰帶的風格也不搭；凱特布蘭琪以極簡黑色禮服烘托Tiffany湖水綠項鍊，雖造型合宜，但換成鑽飾更適合隆重的電影盛會。史卡莉頸飾繁複今年NG女星名單落落長，瑪莉詠柯蒂亞白色拖襬禮服，前面素雅，背後的束帶設計拖垮整體，怎麼看都像駝背，超沒精神。同為掉漆代表的史卡莉喬韓森，挑戰不好駕馭的祖母綠禮服，可惜頸飾過於繁複，讓她淪為森巴女郎。女神卡卡難得端莊，卻因一雙跳Tone大紅手套被網友譏為洗碗工。珍妮佛安妮斯頓、柔伊莎達娜雙姝造型過時，好似停留在20年前的紅毯上。男星仍大打安全牌，清一色的深色西裝搭白襯衫、黑領結，年年不厭其煩踩上紅毯，彷彿是換臉不換裝的紙娃娃遊戲。好在有傑瑞德雷托、班奈狄克康柏拜區雙帥異軍突起，雙雙以淺色西服帶來亮點，傑瑞德更巧搭玫瑰胸飾，神來一筆讓他連續兩年蟬聯最帥寶座。,中國時報
2015,2,24,西蒙斯甩暴力師形象 最佳綠葉喊關懷父母 派翠西亞爭平權 梅姨喝采,2015年奧斯卡男女配角戰，去年底就已注定結果，毫無意外地由《進擊的鼓手》JK西蒙斯、《年少時代》派翠西亞阿奎特奪下，兩人過去一直是萬用綠葉，也同時首度入圍就昂首奪獎。飾演極惡暴力音樂老師的JK西蒙斯，昨謝詞大打溫情牌，呼籲觀眾打電話給父母，不要用簡訊，也別用電郵，「告訴他們你有多愛他們，多感謝他們，耐心地聽完所有他們想說的話。」為女藝人發聲派翠西亞得獎時顯然有備而來，她戴上眼鏡拿出事先擬好的謝詞朗讀，開頭生澀的刻板感言忽然在後段話鋒急轉，緊咬美國同工不同酬的兩性不平等現象，激昂地說：「我們生下了這個國家的每個納稅人，也為每個其他人的平權奮戰，現在應該是要求薪資平等的時候，美國女性應該擁有兩性平權！」這席話得到全場歡聲雷動的鼓掌叫好，連平時典雅的梅莉史翠普，都忍不住激動指著她連聲大喊：「沒錯！」充滿正面能量本屆奧斯卡感言充滿濃厚政治、兩性議題，為浮華的好萊塢電影獎增添了關注社會議題的正面色彩。以描繪同志數學家艾倫圖寧生平的《模仿遊戲》，意外擊敗《進擊的鼓手》，奪下最佳改編劇本獎的葛拉罕摩爾，表示自己16歲時曾因不知所措而試圖自殺，對世上所有自覺怪異、格格不入的年輕人保證他們最終將會適得其所，「保持怪異，保持與眾不同，當輪到你們站在這時，請將這個訊息傳遞給下個迷惑的人」。以《逐夢大道》主題曲〈光榮之日〉奪下最佳原創歌曲獎的歌手約翰傳奇，在謝詞中提到現在處於美國司法管束的黑人數量，比1850年美國黑奴的數量還多；描繪艾德華史諾登「稜鏡計畫」洩密案的《第四公民》女導演蘿拉波伊特拉斯，獲最佳紀錄長片獎時說：「史諾登揭發的事蹟不僅凸顯我們隱私權所受到的威脅，更危及民主的本身。當影響每個人的最重要決定是在祕密中完成時，我們就失去了檢查政府的權力。」,中國時報
2015,2,25,女星好戲難得 男星一路吃香,成為奧斯卡得主是不少演藝工作者的目標，卻不常有人認真分析，得獎是否真能改變自己的事業與收入？根據歐美獎項分析家與研究報告的看法，好萊塢性別不平等也嚴重影響奧斯卡帝后及最佳男女配角的後續發展，獲獎男星大概有8成可望身價上揚，女星卻未必能夠一飛沖天。長年觀察奧斯卡的美國知名女部落客莎夏史東認為，不見得是獎座為藝人帶來實質的幫助，如去年最佳女配角露琵塔妮詠奧，從無名新人瞬間變媒體寵兒，還加入最新「星際大戰」續集，若非小金人得主恐怕連試鏡的可能都沒有。同樣是最佳女配角，奧斯卡帶給安海瑟薇的卻是負面影響，外界嫌她的表現太矯情，她從美國甜心變成最討人厭的女星，她反而曝光減少。這讓與她同年得獎的珍妮佛勞倫斯戒慎恐懼，怕自己也招人反感，去年「瞞天大佈局」角逐最佳女配角時擺明了不想連年拿獎，支持露琵塔勝出，要減低各方可能的反彈。據統計女星平均得到第一座小金人約36歲，按照好萊塢遊戲規則，這歲數已快要無法吸引電影觀眾買票，中年女星愈來愈難得到量身打造的好戲，男星則不同，年近半百繼續演第一主角的大有人在。今年影后茱莉安摩爾是54歲，已經替珍妮佛勞倫斯在「飢餓遊戲」系列抬轎，要比獲獎前更風光的機會不大。德高望重的梅莉史翠普是唯一可以不用擔心的，卻也因她把為數稀少的中老年女性好角色全都搶光，其他人更難有發揮的機會。,聯合報
2015,2,24,紅毯嬌點 白黑配大器不繁 紅綠襯 好萊塢春光明媚,儘管一開春就有歐債危機、恐怖攻擊等陰影重現，但被視為時尚指標的奧斯卡星光大道上，眾女星仍以最亮麗的姿態現身，帶人重返好萊塢美好風華。「不簡單的簡單」，可說是今年紅毯特色。女星多選擇線條簡潔柔美，以及單色大器的禮服，遵行「少即是多（Less is More）」的時尚哲學，更在材質工藝或珠寶細節上單點突破，令人驚豔。眾望所歸的影后茱莉安摩爾，穿上卡爾拉格斐為她特製的香奈兒高級訂製服「戰袍」，這件綴滿銀白與黑色刺繡珠飾的禮服費時927小時才完成，細緻華美的工藝正如她內斂精湛的演技。同樣穿出今年春夏時尚關鍵色「白色」的女星還有瑪莉詠柯蒂亞，乍看保守的Dior白色刺繡高級訂製服禮服，精采的其實在背後。巧的是兩人都由蕭邦鑽飾增添光彩。露琵塔尼詠歐Calvin Klein訂製禮服也「藝」鳴驚人，採用超過6千顆珍珠，襯托黝黑膚色。另如梅姨的LANVIN黑白套裝、瑞絲薇絲朋Tom Ford黑白禮服、娜歐蜜華茲小露腰線的Armani黑白禮服，各顯高妙。相對於經典白黑配，也有以紅、綠喜氣迎春。如樂在受虐的「格雷」女郎達珂塔強森以Saint Laurent單肩紅色禮服，尬「控制」狂羅莎蒙派克的Givenchy蕾絲高級訂製服，兩人都以「下半身」取勝，大秀美腿。思嘉莉約翰森以Versace綠色禮服，搭環繞脖子的同色項鍊和伯爵耳環，加上俐落短髮，完美詮釋叛逆性感；艾瑪史東的淺綠色禮服配Tiffany手環相形清新可人。單點突破，也是女星吸睛之道。如妮可基嫚穿LV訂製服，橘紅色腰帶及正夯的Petite Malle硬箱包，格外搶眼；凱特布蘭琪力挺好友John Galliano重返時尚圈之作，選擇Martin Margiela（MM）黑禮服配Tiffany海水藍寶與綠松石項鍊；與戴華人珠寶藝術家ANNA HU紅碧璽耳環的葛妮斯派楚，讓珠寶大聲「說話」。,聯合報
2015,2,24,派翠西亞女權感言 梅姨叫好,「年少時代」劇照。最佳女配角「年少時代」劇照。出身自演藝世家的美國女星派翠西亞艾奎特，以「年少時代」中爛桃花不斷的母親一角勇奪奧斯卡最佳女配角。她發表得獎感言時，呼籲全美國女性應得到和男性平等的權利，台下女性大聲叫好，連手下敗將梅莉史翠普與頒獎嘉賓珍妮佛洛佩茲都用力鼓掌，梅莉甚至用手指著台上的她，情緒明顯高昂。在「年少時代」中，派翠西亞扮演的媽媽是個高學歷的教師，偏偏幾段感情都沒有太愉快的下場，突顯女性就算有聰明才智也未必能有完美人生，派翠西亞的真實遭遇讓她在詮釋情感破裂的情節特別細膩，早就贏遍一堆影評人大獎，連向來是得獎高手的「魔法黑森林」梅莉史翠普，這次從頭到尾氣勢都被她壓過。派翠西亞感謝自己的親人與「年少時代」中相處了十二年的家人，接著話鋒一轉，開始向所有母親、美國的納稅人與公民呼籲，認為大家努力爭取平權已久，該是時候再團結起來，一次達成全美女性和男性權利平等，女權宣言聽得在場女星們熱烈鼓掌。好萊塢是出了名的男尊女卑，去年底索尼影業被駭案還顯示即便當紅如影后珍妮佛勞倫斯，片酬還是沒有同片男星高，也難怪女性來賓們同仇敵愾。派翠西亞艾奎特的祖父與父親都是電視喜劇男星，大姐羅珊娜更是八〇年代前期走紅的女星，曾主演「碧海藍天」等名片。她剛入行時不甚順遂，雖然首部電影「半夜鬼上床3：猛鬼逛街」就已是女主角之一，卻未能一炮而紅。熬了七年才在昆汀塔倫提諾編劇的「絕命大煞星」和克里斯汀史萊特演活一對亡命鴛鴦，初嘗成名滋味。她並未就此成為商業大片紅牌，反倒是獨立製片喜歡的演技派女星，和提姆波頓、大衛林區等名導都有合作。,聯合報
2015,2,24,鳥人 最佳影片 最佳導演 原著劇本 最佳攝影 擒4獎,第八十七屆奧斯卡頒獎結果於台灣時間昨天揭曉，電影「鳥人」一舉拿下最佳影片、導演、原著劇本以及攝影等四大獎，為典禮大贏家。影帝和影后則分別由「我想念我自己」的茱莉安摩爾與「愛的萬物論」的艾迪瑞德曼獲得。今年奧斯卡獎獨立製片電影獨占鰲頭，無論編導、演技或技術獎項都大有斬獲。電影「鳥人」與「年少時代」原在奧斯卡獎的競爭態勢難分軒輊，但「鳥人」愈戰愈勇，情況後來居上，最後順利摘下大獎。奧斯卡獎向來青睞演藝圈的故事，近年最佳影片「大藝術家」、「亞果出任務」都有前例可循，描述好萊塢過氣超級英雄以百老匯舞台劇重振事業的「鳥人」，果然引起影藝學院成員共鳴。奧斯卡「外籍兵團」實力強大，電影「鳥人」導演伊納利圖的勝出，成為繼去年「地心引力」導演艾方索柯朗獲獎後，又一坐擁小金人的墨西哥導演。去年以「地」片拿下最佳攝影的墨西哥攝影師艾曼紐爾盧貝茲基，今年也因「鳥人」連莊。在演技獎項四位得主都是事前呼聲最高的入圍者，影帝與影后更都以奧斯卡偏愛的病患角色出線。「我想念我自己」女星茱莉安摩爾已是歐洲三大電影獎大滿貫影后的她，此次以早發型阿茲海默症患者角色五度挑戰奧斯卡終於成功。英國男星艾迪瑞德曼以「愛的萬物論」首次入圍奧斯卡就順利稱帝，片中他飾演罹患漸凍症的天文物理學家史蒂芬霍金，他得獎致詞時也不忘感謝本尊和其家人。最佳男、女配角分別為「進擊的鼓手」魔鬼教師J.K.西蒙斯與「年少時代」單親媽媽派翠西亞艾奎特，兩人感言大不同。前者感性和家人分享，請觀眾「愛要及時」，別忘打電話給父母；後者則為美國女性抱不平，呼籲兩性平權，台下的梅莉史翠普也大聲鼓掌響應。以「模仿遊戲」獲最佳改編劇本的葛拉罕摩爾，為故事主人翁「電腦之父」艾倫圖靈曾因同志身分遭迫害抱不平，坦承十六歲時自己想自殺，同時鼓勵那些和別人不一樣的孩子做自己。今年奧斯卡獎「歡迎來到布達佩斯大飯店」與「進擊的鼓手」成績不錯，前者入圍九項得到服裝設計、妝髮、藝術指導與電影配樂等四獎，後者入圍五項拿到男配角、剪輯與混音三獎。,聯合報
2014,3,4,影帝 莫康納 影后 布蘭琪 :《地心引力》奧斯卡7喜最風光,凱特布蘭琪曾以《伊莉莎白》、《伊莉莎白：輝煌年代》兩度角逐奧斯卡影后失利，9年前以《神鬼玩家》獲奧斯卡最佳女配角，44歲的她昨終於封后，第2座小金人入手。封后前來台拍廣告她在《藍色茉莉》飾紐約貴婦，因破產投靠妹妹，卻無法放下身段，拎著柏金包到牙科診所當櫃檯小姐，終因現實與自我認知的落差而崩潰。她致辭感謝導演伍迪艾倫、母親、兄妹、3個兒子和劇作家老公安德魯，並向梅莉史翠普、艾美亞當斯、珊卓布拉克和茱蒂丹區等4位競爭者致意，強調：「女性影人今年表現卓越，這些電影也都賣錢。」她是除了已故「玉婆」伊莉莎白泰勒之外，唯一曾經訪台的奧斯卡影后，3年前她到南投拍攝SK-II廣告，今年1月在洛杉磯受訪表示：「台灣很美、空氣很好，希望有機會再去。」李奧吞敗含淚獻吻馬修莫康納向來走猛男路線，因成天衝浪被戲稱為「浪子」，近兩年突然收心琢磨演技，為戲刻意瘦身21公斤，首度提名奧斯卡便一舉稱帝。《藥命俱樂部》改編真人真事，他飾演感染愛滋病的電工，為了活命到墨西哥走私藥品。他昨領獎時謝謝坐在台下的母親和嬌妻，與他爭影帝卻失利的李奧納多狄卡皮歐英雄惜英雄，含淚獻上一吻。墨西哥導演艾方索古瓦龍耗時5年、花費24億元台幣打造3D災難片《地心引力》，強勢抱回最佳導演、最佳攝影等7獎，成了最大贏家，古瓦龍感謝珊卓：「妳就是《地心引力》，妳是本片的靈魂與心臟。」同獲10項提名的《瞞天大佈局》全部摃龜，史上最慘。香港導演王家衛執導的《一代宗師》入圍最佳攝影和最佳服裝造型兩獎皆鎩羽。Star World今晚9點和明晚6點重播奧斯卡星光大道及頒獎典禮字幕版。影帝 馬修莫康納 Matthew McConaughey國籍：美國年齡：44歲得獎作：《藥命俱樂部》（Dallas Buyers Club）奧斯卡得獎紀錄：第1次影后 凱特布蘭琪 Cate Blanchett國籍：澳洲年齡：44歲得獎作：《藍色茉莉》（Blue Jasmine）奧斯卡得獎紀錄：第2次（前次為女配角）,蘋果日報
2014,3,4,露琵塔 雷托 受辱黑奴 變裝毒蟲 上位 苦命邊緣人奪配角獎,肯亞裔女星露琵塔尼詠歐第一次拍好萊塢電影，便以《自由之心》中飽受主人欺凌的可憐黑奴一鳴驚人。30歲的她在家鄉肯亞演過電視劇，並自編自導紀錄片《In My Genes》、執導MV《The Little Things You Do》，是好萊塢少見的才女，近來出席各大電影獎紅地毯的時尚品味也大獲好評。耶魯才女梅姨學妹身為耶魯高材生、梅姨學妹的她，1月在金球獎敗給「小珍妮佛」珍妮佛勞倫斯，但聲勢倒吃甘蔗，在奧斯卡扳回一城，昨感性說：「我生命中的許多喜悅來自別人的苦痛；我確信先人正看著，我心中滿懷感激。」雷托感恩輟學母親42歲的雷托為《藥命俱樂部》瘦身近14公斤，飾演纖腰變裝癖，吸毒成癮、染上愛滋病，演技動人，獲金球獎和諸多影評人協會獎肯定。他昨致辭特別感謝母親：「1個女生高中懷了第2胎後休學照顧小孩，她想盡辦法讓家人過好日子，並鼓勵小孩做個有出息的人，這女生就是我母親。我愛妳，感謝妳教我懷抱夢想。」雷托外型帥氣，不僅是演員，還是搖滾樂團「30秒上火星」主唱，3年前曾來台演出，披上歌迷送的中華民國國旗飆歌。該樂團在全球近60國舉辦311場演唱會，捧場人數達300萬人次，獲金氏世界紀錄認證為「單一巡演最久的搖滾樂團」。最佳女配角 露琵塔尼詠歐 Lupita Nyong'o年齡：30歲得獎作：《自由之心》最佳男配角 傑瑞德雷托 Jared Leto年齡：42歲得獎作：《藥命俱樂部》,蘋果日報
2014,3,4,艾倫主持光明燈護體 策動史上最大咖自拍,200萬轉發癱瘓推特後來她說拍照上傳「推特」，掏出三星Galaxy Note 3手機，找梅莉史翠普、小珍妮佛自拍，沒想到布裘、布萊利庫柏等大明星都湊上來，促成史上最大咖自拍。果然短短2小時就在推特被轉發2百萬次，還讓「推特」當機20分鐘。她怕明星餓肚子，叫了外送披薩，卻說「沒帶錢」，吆喝大家樂捐。「AdAge.com」網站報導，三星連續第6年贊助奧斯卡，前5年贊助總金額高達7.2億元台幣，今年買了5分鐘時段讓手機在典禮上曝光。美國影藝學院平均砸9億元台幣辦頒獎禮，今年頒獎禮每30秒廣告賣5400萬元台幣，比起去年高出10%，像光明燈的舞台布景和影片卻很單調，媒體揶揄大概艾倫的主持費就花掉大半預算，其餘只好從簡。,蘋果日報
2014,3,4,４資深遺珠304歲 梅姨算小妹 茱蒂丹契近失明 影迷憂心健康,本屆奧斯卡獎是新人綻放光彩的一年，眾多深耕多年的老牌演員入圍，全數槓龜，《八月心風暴》中64歲的梅莉史翠普（梅姨）、《內布拉斯加》裡77歲的布魯斯鄧、84歲的瓊史桂布、《遲來的守護者》79歲的茱蒂丹契，總共304歲，堪稱「陳年遺珠」，茱蒂更驚爆雙眼幾乎失明，再當遺珠的機會恐怕也不多了。茱蒂第７度入圍，在《遲來》裡笑中有淚的演出，主掌觀眾的每個悲喜。她至今只以1998年的《莎翁情史》拿過最佳女配角，至今與影后無緣。她日前表示已無法自己讀劇本，連看電影都很困難，雖繼續拍片，但讓影迷憂心她的健康。總在電影裡演惡人或配角的布魯斯鄧，影壇沉浮55年，在《內布拉斯加》中演的老父，歷盡滄桑的詮釋，讓人聯想到他現實中只求捲土重來的心境。瓊史桂布在該片中飾演布魯斯嘴利心軟的太太，對著墳墓撩裙的一幕戲搶盡風采。縱使今年新人表現亮眼，仍讓人惋惜老將未能戲劇化地出頭。梅姨在《八月心風暴》飾演她演過的最粗俗惡毒的角色，雖未得獎，但她已破紀錄入圍18次，年齡上與上述老將相比，只是「小妹」，再見奧斯卡是絕對可能的。,中國時報
2014,3,4,艾倫酸入圍者 要喬納希爾別曬鵰 典禮中叫披薩餵大明星 小布負責分盤子,第86屆奧斯卡再度找來脫口秀主持人艾倫狄珍妮主持，從一開場就妙語如珠，不僅猛酸、開入圍者玩笑，還打破「典禮不供餐」規則，在現場叫披薩外賣！飢腸轆轆的大明星，還真的當場「嗑」起來。拿同志身分開玩笑艾倫曾被讚譽是「地球上最幽默的女人」，大型典禮主持經驗豐富，曾４度主持艾美獎。2007年首度受邀主持第79屆奧斯卡，今年則是第２次主持。她的脫口秀《艾倫愛說笑》，訪遍大明星，當初一鳴驚人的「小胖」林育群，也曾接受該節目訪問。典禮一開場，她就開入圍者玩笑，講到「上過大學」的話題時，以《瞞天大佈局》入圍影后的艾美亞當斯就被她問得很尷尬，因艾美的學歷「沒那麼高」（僅高中畢業）；還有入圍小金人紀錄保持人梅莉史翠普（梅姨）也中槍，艾倫建議她別再入圍了，因治裝跟化妝費用要花「一大筆錢」。早已出櫃的她，也拿自己同志身分來開玩笑，直說以《華爾街之狼》入圍男配角的喬納希爾，在片中秀出了她「很久沒有見到的東西。」（因他在片中秀出了「大鵰」，其實是假陽具）。之後在典禮進行中，又走到他旁邊，說：「不，我並不想看那個東西。」要求大咖賞小費她在典禮期間問大家，「有人餓了嗎？我想叫披薩」，包括珍妮佛勞倫斯、哈里遜福特、大導演馬丁史柯西斯等人都舉手贊成。結果她真的叫了附近的披薩店外送，還把外送小弟帶上舞台，更虧他：「茱莉亞羅勃茲在這，你要跟她說話嗎？」大明星們就在現場分起披薩，在現場吃了起來，「小布」布萊德彼特還幫忙分盤子。之後她拿著帽子跟大家要小費，大家都意思意思給了20美元（約新台幣600元），凱文史貝西還對她說：「賞妳的！」她聽了當場把他給的錢，還有女配角得主露琵塔尼詠歐給的一條脣膏，都收進自己口袋。小布則被酸小氣：「你兩部片只給我20元？」讓小布沒好氣的多「丟」了兩張鈔票。,中國時報
2014,3,4,珊卓艾美雙嬌撞色 珍妮佛「跌跌」不休,第86屆奧斯卡頒獎典禮３日上午９點半在洛杉磯杜比劇院舉行，星光大道８點率先登場。紅毯星光依舊璀璨，眾女星打安全牌居多，尤以黑白色當道，深藍色成為一抹異軍突起的綺彩。珊卓布拉克、艾美亞當斯兩位準影后都以藍彩吸睛，造型師林國基盛讚珊卓：「從胸前延伸到腰際的皺摺很有戲。」部落客「個人意見」也誇她大器。紅毯也見證灰姑娘的崛起，拿下最佳女配角的黑人女星露琵塔尼詠歐，以Prada冰藍色飄逸長禮服展現精靈之姿，穿出小女孩夢想成真的單純浪漫，不僅躍上國際時尚網站Style.com首頁，也狠踩珍妮佛勞倫斯，她雖穿Dior大紅色搶眼華服，但驚喜度不及露琵塔。凱特略顯保守珍妮佛勞倫斯去年以《派特的幸福劇本》拿影后，上台領獎時摔跤，今年再以《瞞天大佈局》入圍最佳女配角，沒想到在紅毯上剛說完自己不會再犯錯，還試走了一下，轉身就跌坐在地上！典禮主持人艾倫狄珍妮虧她，「奧斯卡不是一個競賽，是個慶典」，再說：「開玩笑，這是一場『飢餓遊戲』！」當場牽拖演出《飢餓》的她。她也創下連兩年在奧斯卡「跌倒」的紀錄。凱特布蘭琪一如預期，守住紅毯資優生的口碑，ArmaniPrive刺繡晚禮服搭完美髮妝，時尚達人Annie大讚：「即便裸色低調，依舊吸睛！」個人意見稍嫌美中不足，認為她向來勇於嘗試，這次略顯保守。每年都是焦點的安潔莉娜裘莉，一身ElieSaab透視裝展現胸部重建手術後的自信，也引來兩極評價，林國基認為她掌握亮片、透視等時尚元素，珠繡細節更添華麗；個人意見評為漸層的抹布，「讓原本沒有下垂的地方也顯得下垂了。」Annie也批像婚宴婆婆裝，老氣。艾瑪穿著老氣NG版本中的艾瑪華森，她似乎太急著長大，穿了媽媽的銀灰色金蔥禮服出席，挨評嫩臉蛋與熟女裝超不搭；夏莉茲賽隆的黑色Dior禮服性感搶鏡，可惜透明肩帶成為突兀焦點；梅莉史翠普也引起討論，鬆垮垂墜還是從容優雅？見仁見智。以《八月心風暴》入圍女配角的茱莉亞羅勃茲，穿黑色禮服出席。媒體指出，她因上月同母異父的妹妹南茜服藥自殺身亡才穿黑色。這也是她在該事件後首度現身，外傳她為此暴瘦，心力交瘁，不過昨天看來心情已平復不少。男星以傑瑞德雷托搶眼，SaintLaurent白色西裝搭紅色領結，穿出時尚好運道，反觀李奧納多狄卡皮歐等人穿著無新意，彷彿制服秀。,中國時報
2014,3,4,自拍照史上含金量最高 艾倫照片轉貼破紀錄 三星置入達陣,本屆奧斯卡，誰最搶鏡？不是影帝，也非影后，而是主持人艾倫狄珍妮登高一呼的群星自拍照！這張金獎帝后、巨星齊搶鏡的照片，在推特分享轉貼數一舉超越歐巴馬就職照，也打破推特轉貼紀錄，至截稿為止，直逼260萬次，也讓人一窺三星GALAXYNote３手機的成功置入手法。艾倫狄珍妮在頒獎典禮過程中玩心大起，找梅莉史翠普（梅姨）玩自拍，還笑說：「我們要打破推特的轉發紀錄！」結果，周圍的影帝影后、入圍者、來賓一同加入拍照，包括梅姨、布萊德彼特、安潔莉娜裘莉、珍妮佛勞倫斯、布萊德利古柏、茱莉亞羅勃茲、傑瑞德雷托、凱文史貝西、以及露琵塔尼詠歐等人都擠進來合照，最後由布萊德利拿三星白色GALAXYNote３掌鏡。加上昨天頒發的獎項，照片中的演員，共擁有11座小金人，也讓這張照片成為史上含「金」量最高的自拍照。艾倫即時上傳該照到推特，不少巨星塞不下，像裘莉臉被遮一半、傑瑞德有半邊臉被切掉。她笑說：「若布萊德利的手再長點就好了，史上最棒照片！」其實，艾倫是死忠蘋果迷，她在APPStore甚至還有１款益智遊戲供免費下載。昨在奧斯卡頒獎典禮上用GALAXYNote３大玩自拍，讓部分蘋果粉絲很不是滋味。果粉JesusDiaz在自己的網頁上說，他發現艾倫在後台分享照片時，仍然是用自己的iPhone，不解三星為何要找個大果粉站台。三星自2009年至今已是第五度贊助奧斯卡，外傳累計金額高達2400萬美元，超過７億台幣。2102年也贊助過全美音樂大獎，當時主持人用來宣布得獎者不是傳統卡片，而是１支GALAXYNote２。,中國時報
2014,3,7,不當落難貴婦 布蘭琪變身尋寶英雄,新科奧斯卡影后凱特布蘭琪，演技備受推崇，在新片「大尋寶家」中，一掃「藍色茉莉」的落難貴婦，轉身詮釋法國女英雄，與她對戲的麥特戴蒙直呼她是「變色龍」，導演兼男主角的喬治柯隆尼嘴甜讚她是「梅莉史翠普第二」。凱特布蘭琪成為第一個拿下小金人的澳洲女星，相當風光，但出道時的陳年「糗」照也被網友翻出來。她20年前拍的餅乾廣告，日昨被上傳YouTube，模樣清澀稚氣。那是凱特布蘭琪24歲時，為澳洲巧克力餅乾拍的30秒廣告。描述她看到阿拉丁神燈，擦拭後就冒出精靈，精靈說她可以許願，她便祈求「能有吃不完的巧克力餅乾」，果然空盒馬上又裝滿餅乾。而新片「大尋寶家」，是麥特戴蒙二度與凱特布蘭琪合作，距離上次合作已10多年，身分地位早已不可同日而語，麥特提及她為了角色，練就標準法式英文的腔調，連法籍影帝尚杜賈丹也被震懾，面對麥特的稱讚，布蘭琪回敬：「麥特的演技精準無誤，他是我有幸能合作到的真正好演員。」「大尋寶家」描述一群中年人，想從世界大戰中，搶救險被摧毀的藝術品故事，凱特布蘭琪與麥特戴蒙片中有段曖昧小插曲，她解釋兩人是對藝術品有共同理念，最終結為好友。,聯合報
2014,3,4,安海瑟薇個性美,李奧納多狄卡皮歐穿亞曼尼西裝。水晶裝飾好閃安海瑟薇穿GUCCI黑色禮服。從奧斯卡紅毯看流行趨勢，可發現服裝以黑色、裸色系與粉嫩色系等三大風格為主，女星挑款式也能看出年齡，年輕女星多愛個性款，如安海瑟薇的GUCCI晚禮服，款式與她去年的粉色削肩裝略為雷同，但黑色系多了個性，胸前水晶裝飾相當閃耀。輕熟女以上愛柔美款、裸色系，潔西卡貝兒的香奈兒訂製服就是代表，這件香奈兒春夏訂製服是雪紡材質，上綴有銀色刺繡，高貴典雅。潘妮洛普克魯茲穿上彷彿希臘女神的皺褶禮服，少了以往的華麗看頭，卻多了清新感。而梅莉史翠普一身浪凡上白下黑禮服，讓她小露香肩，優雅又大器，是許多資深女星的典範。娜歐蜜華茲的白色禮服也綴有不少花飾，配上一頭金髮，低空過關。而年輕派的女星很有主見，安海瑟薇的GUCCI禮服堪稱代表，而以往造型受好評的艾瑪華森，這次不僅包頭看來沒梳好，而Vera Wang禮服想走成熟感卻看來老氣，可惜了青春氣息。今年紅毯孕婦也特別多，凱莉華盛頓有Jason Wu首度操刀的奧斯卡禮服，緞面材質優雅卻也少了設計，比不上奧莉薇亞懷爾德穿黑色禮服，保守安全過關。而今年男星穿著普遍都以西裝為主，李奧納多狄卡皮歐的合身亞曼尼西裝合身帥氣，只可惜沒拿影帝，凱文史貝西則穿BURBERRY西裝，多了一點英倫時髦感。帥氣男星代表柴克艾福隆則穿Calvin Klein西裝凸顯好身材。另外，今年紅毯多位女星都頂著類似的髮型現身，包括短髮、包頭與波浪髮型。其中俐落短髮受到青睞，包括珍妮佛勞倫斯、安海瑟薇、莎莉塞隆、露琵塔妮詠奧等，雖然都是短髮，卻各有巧妙。安海瑟薇的短髮微鬈俐落，也讓她的五官更立體。波浪鬈髮包括有凱特布蘭琪、珊卓布拉克、潔西卡貝兒等人。潔西卡貝兒的微鬈髮是她的招牌，特別梳向同一邊，可露出配戴的珠寶耳環與項鍊，凱莉華盛頓的微鬈髮很有浪漫風情。包頭也是許多女星首選，梅莉史翠普梳來最優雅迷人，潘妮洛普走公主頭髮型，各展風情。,聯合報
2014,3,4,凱特布蘭琪 舞台劇底子 淬鍊慾望街車,九年前以「神鬼玩家」奪得奧斯卡最佳女配角的凱特布蘭琪，今年靠著伍迪艾倫為她量身打造的「藍色茉莉」更上層樓，已獲大大小小超過廿座影后，昨天如願拿下奧斯卡影后。致詞時她十分得體地向對手致敬，將自己成就歸功於雪梨的劇團，盛讚劇場工作令她變成一位更出色的女演員，接著高明地喊話：「感謝聰明且勇敢發行這部電影的片商，及進場欣賞的觀眾。業界某些人認為女性電影市場有侷限，其實觀眾想看這種電影，它們有賺頭，世界無限寬廣。」來自澳洲的凱特布蘭琪，堪稱梅莉史翠普接班人，同樣走知性氣質路線，也都從舞台劇磨出演技，就算電影片約不斷，仍會撥出時間重回舞台。看過「藍色茉莉」的觀眾都可感受其深受「慾望街車」影響，凱特真的在舞台上演過「慾」劇，導演還是柏格曼御用影后麗芙鄔嫚，由於反應突出，啟發伍迪艾倫找她拍攝二十一世紀版「慾望街車」─「藍色茉莉」的靈感。她在片中角色一樣是個落魄的昔日貴婦，一樣虛矯做作地維持破碎自尊，當殘酷現實不斷打擊，終於走到崩潰邊緣。角逐演技獎，外放的角色較佔便宜，「藍色茉莉」凱特布蘭琪神經質地搶眼，無怪乎其他入圍者各個強敵，加上「衝奧」最後關頭爆出導演伍迪艾倫捲入性侵養女醜聞，依舊沒讓她的小金人跑掉。人生際遇難料，她入行之初曾在葛倫克蘿絲掛帥的「火線浮生錄」擔任配角，今年她和葛倫克蘿絲再度先後走上奧斯卡舞台，她已兩座小金人在手，葛倫卻六度入圍始終無緣。凱特今年還打敗知性演技派掌門人梅莉史翠普，以及英國前輩茱蒂丹契。,聯合報
2014,3,4,巨星玩自拍 三星置入行銷,為了置入三星手機，艾倫狄珍妮絲號召出席奧斯卡頒獎典禮的巨星們自拍，締造照片在推特上轉發的新紀錄。本屆奧斯卡頒獎典禮的最大亮點在台下，主持人艾倫狄珍妮絲揪十二位巨星搞史上最強自拍照，刷新社群網站推特（Twitter）的轉推紀錄，讓贊助商三星的一款手機置入，創造話題也讓人見識到好萊塢如何成功與商業結合。奧斯卡的閃閃星光，商機無限，背後也經過精密計算。據外電報導，三星以七點五億台幣連續五年贊助奧斯卡，今年不僅在頒獎典禮發布新型手機廣告，還巧妙讓主持人艾倫狄珍妮絲拿著手機邊拍照、邊打電話，最後創造出「巨星們的自拍照」；三星事後也坦承是置入，但表示如何秀出手機全由奧斯卡決定。在巧妙的安排下，艾倫在節目中段走到梅莉史翠普座位旁說：「妳已有破紀錄的十八次入圍，我們再來破一個紀錄─史上最多人轉發的推特照片。」梅莉邀茱莉亞羅勃茲，接著查寧塔圖、傑瑞李托、珍妮佛勞倫斯、凱文史貝西、布萊德利庫柏都衝上來，連布裘夫妻檔都甘願擠在後面當背景，眾星眉開眼笑，留下一張自拍照。艾倫發照上推特：「如果布萊德利的手臂再長一點就好了。」上傳後瞬間爆量，一小時轉推衝破兩百萬次，導致推特伺服器當機。,聯合報
2014,3,3,奧斯卡今登場 考驗艾倫吸睛力,奧斯卡頒獎典禮現場，杜比劇院門外的星光大道，工作人員忙著做好防雨措施。艾倫今年主持奧斯卡頒獎，壓力大。奧斯卡頒獎典禮台北時間今天上午9點半在美國洛杉磯舉行，杜比劇院門口外的星光大道紅地毯已做好防雨措施，觀眾好奇典禮會端出什麼精采節目滿足大家，媒體則忙著逼有投票權的會員匿名亮票，想搶先嗅出得獎態勢。Star World、Star Movies、Star Movies HD及台視，今天上午8點起直播星光大道及頒獎，今晚9點Star Movies、Star Movies HD及台視，將會重播頒獎的中文字幕版。 去年奧斯卡頒獎典禮，主持人賽思麥克法蘭雖然笑話有時過火，卻向來討年輕觀眾喜愛，收視比前年好。今年主持人艾倫曾在7年前掌舵，表現沉穩，收視人數逼近4000萬，這回是否再次安全過關？各方都在等著瞧。受青少年喜愛的柴克艾福隆、查寧塔圖、安娜坎卓克、珍妮佛勞倫斯等都會出席，熱賣卡通「冰雪奇緣」配音女主角伊迪娜曼佐現身演唱入圍歌曲「Let It Go」，製作單位還安排向「綠野仙蹤」75周年致敬、貝蒂蜜勒表演等主打年長影迷的段落，希望收視群能一網打盡。目前搶先亮出會員票，「自由之心」頗受歡迎，「遲來的守護者」、「藥命俱樂部」也受青睞，影帝方面馬修麥康納被「瞞天大佈局」克里斯汀貝爾追得最緊，影后雖大都投凱特布蘭琪，珊卓布拉克等人也有支持票，只有梅莉史翠普似乎今年較冷門。而以「愛在希臘午夜時」獲奧斯卡最佳原著劇本提名的茱莉蝶兒，雖是入圍者，但卻大聲批評奧斯卡主辦單位。她說，影藝學院成員有九成70歲以上白種男性，因為長期沒任何作為，所以要錢，只要給他們兩三樣禮物就行了。直來直往的茱莉蝶兒表示，1990年代的奧斯卡獎確實有真正的獨立製片，但又逐漸被主流電影取代，「老實說，九成好萊塢電影都是個屁！」,聯合報
2013,2,28,好萊塢演員讚李安如佛祖,阿努班克爾在「派特的幸福劇本」飾演布萊德利庫柏的心理醫師。李安在奧斯卡頒獎典禮感謝「電影之神」，成為當晚唯一謝神的得獎者。李安以充滿宗教意涵的「少年PI的奇幻旅程」贏得奧斯卡最佳導演獎，第一個感謝的就是「電影之神」，成為當晚唯一謝神的得獎者。而在印度裔好萊塢演員阿努班克爾的心中，李安就跟佛祖一樣。克爾曾演色．戒鑽石商阿努班克爾是印度知名演員，他就是「色．戒」中賣鴿子蛋鑽戒給梁朝偉與湯唯的商人，他也演過伍迪艾倫的「命中注定，遇見愛」，又在今年入圍奧斯卡的「派特的幸福劇本」飾演布萊德利庫柏的心理醫師。克爾沒演出「少年PI的奇幻旅程」，但他還是在奧斯卡頒獎典禮見到李安，問他：「你感覺如何？」李安回答：「沒感覺。」他再問李安：「星期一以後你要做什麼？」李安回答：「我還不知道。」 蘇瑞吉讚李安撫平人心克爾稱讚李安是個非常棒的人，才氣縱橫又非常平靜，像佛祖一樣。飾演少年PI的蘇瑞吉沙瑪也說過李安是他認識最平靜的人，只要他出現，原本焦慮不安的工作人員都相信一切問題會迎刃而解。雖然李安在台上感謝電影之神，又把觀音山的形象融入「少年PI」的漂浮島，但他自己其實是「不可知論者」，不確定也不否認神的存在。以往常有得獎者感謝上帝，今年卻沒有半個。近幾年在台上感謝上帝的則有梅莉史翠普、奧塔薇亞史班森、娜塔莉波曼、瑪莉莎李歐等女星，以及導演湯姆霍柏。,自由時報
2013,2,26,戴路易斯 3度稱帝,戴路易斯從梅莉史翠普丹尼爾戴路易斯以「林肯」贏得個人第3座奧斯卡影帝，不但刷新了影史紀錄，也為自己的演藝生涯再創高峰！笑稱原要演柴契爾夫人戴路易斯是好萊塢公認的戲精，他在影壇的地位猶如男性版的「梅姨」梅莉史翠普，對此他也幽默自嘲。梅姨去年以「鐵娘子：堅固柔情」封后，她昨天把最佳男主角頒給戴路易斯，他神來一筆，笑說自己本來想去演柴契爾夫人，梅姨才是演「林肯」的第一人選，令全場哄堂大笑。 戲精怪咖 感謝老婆容忍戴路易斯在台上特別感謝老婆蕾貝卡米勒，他說：「我們16年前結婚，從那時候開始，我的老婆就跟一個很怪咖住在一起…或許不只一個，而是一群怪咖！」言下之意，戴路易斯自認個性古怪又善變，「儘管如此，我的老婆一直是個完美的伴侶。」影帝獲肯定 歸功金三角戴路易斯在「我的左腳」裡飾演腦性麻痺作家，演技令人大開眼界；他在「黑金企業」詮釋一夜致富的貪婪與慾望，為自己贏得第2座奧斯卡；如今戴路易斯把美國第16任總統林肯扮演得維妙維肖，不但口音、外型到位，他還將解放黑奴的熱情與真誠完美呈現。影帝看似非他莫屬，他卻謙虛地表示：「我要感謝金三角：編劇東尼庫許納，導演史蒂芬史匹柏，還有林肯。」,自由時報
2013,2,26,戴路易斯3稱帝破紀錄 小珍妮佛仆街瘋后,小班《亞果》最佳影片第3度稱帝的戴路易斯詮釋林肯總統唯妙唯肖，55歲的他從梅莉史翠普手中接過小金人，全場起立鼓掌，他開玩笑說：「導演史蒂芬史匹柏原本屬意梅莉飾演林肯，她不演才換我演。」小珍妮佛在《派》片飾演性成癮的寡婦，聽到自己得獎大表意外，上台時踩到裙襬仆街，全場觀眾起立鼓掌，她尷尬說：「你們起立是因為同情我摔倒吧。太糗了，謝謝你們，太瘋狂了。」22歲的她是影史第2年輕的奧斯卡影后，最年輕的是1987年憑《悲憐上帝的女兒》以21歲封后的瑪莉麥特琳。小珍妮佛到後台受訪時，攝影記者提醒她「注意腳步」，她竟皺眉比中指。媒體問她是否擔心少年得志大不幸？她隨口說：「誰知道啊？走著瞧吧！」美國第一夫人蜜雪兒歐巴馬昨在白宮和人在頒獎會場的資深影星傑克尼柯遜視訊連線，共同頒發最佳影片給《亞果出任務》。小班和製片喬治克魯尼領獎，他說：「謝謝參與本片的人，謝謝我們在伊朗的朋友。謝謝我的妻子（珍妮佛嘉納）。」並將小金人獻給3名子女。該片共獲最佳影片、最佳改編劇本和最佳剪輯等3獎。影帝 丹尼爾戴路易斯 Daniel Day-Lewis國籍：英國年齡：55歲得獎作：《林肯》（Lincoln）奧斯卡得獎紀錄：第3次影后 珍妮佛勞倫斯 Jennifer Lawrence國籍：美國年齡：22歲得獎作：《派特的幸福劇本》（Silver Linings Playbook）奧斯卡得獎紀錄：初次,蘋果日報
2013,3,2,「我沒興趣」 轉身背對 娜姊好膽耍大牌不甩李安 梅姨讚大導謙虛 嫉妒女兒拍《胡士托》,李安導演剛以《少年PI的奇幻漂流》在奧斯卡再度大放異彩，「與李安合作」，已經成全球電影人的夢想，但西洋天后瑪丹娜（娜姊），竟大牌到竟給李安臉色看！英國《每日郵報》報導，在一場奧斯卡前幾天的派對上，李安試圖向瑪丹娜打招呼自我介紹，她卻對他毫不理會，還無禮地說「我沒興趣」，向來以有禮貌出名的李安，再度試圖對她說話，她竟乾脆轉身背向他。稱曾邀李安撇無禮目擊者表示，當日是好萊塢經紀公司CAA所舉辦的派對，巨星雲集，李奧納多狄卡普利歐、安海瑟薇、布萊德利古柏、珍妮佛安妮斯頓都是嘉賓。但娜姊那天非常誇張，整個人好像吃錯藥一樣烏雲罩頂，對每個人都很兇。一名與她工作的助理，則堅稱她當天心情很好，只是向來在這種場合，不會刻意故作開心地跟人打招呼，所以很多人可能會以為她很難搞、耍大牌。她的助理堅稱她絕沒有對李安無禮，事實上還邀請李安去她自己舉辦的奧斯卡派對。瑪丹娜或許不買李安的帳，但「演技女神」梅莉史翠普（梅姨）對李安卻尊敬得很。史翠普去年奧斯卡封后作品《鐵娘子：堅固柔情》終於將在大陸上映，為此她接受大陸媒體越洋採訪。《鳳凰網》報導，她對剛在奧斯卡拿下最佳導演的李安，印象非常好：「我很喜歡李安！也很願意跟李安合作。事實上，我女兒已經在《胡士托風波》中跟李安合作過了，我還挺嫉妒她的。」梅姨誇《PI》神奇史翠普並說：「我覺得李安是非常有才華的人，多才多藝，最重要的是風格多變，每一部都不一樣，讓人覺得既有變化又有驚喜。這次的《少年PI》也讓我非常喜歡，簡直是他作品中最神奇的一部。李安是很謙卑的一個人。像昆丁泰倫提諾就屬於很高調的人，但李安比較低調，非常不願意彰顯，特別謙卑。」。,中國時報
2013,2,26,演啥像啥寫傳奇 戴路易斯３度稱帝 笑傲奧斯卡 22歲勞倫斯封后摔個狗吃屎 賺足曝光率,英國男星丹尼爾戴路易斯，在《林肯》中飾演美國總統林肯，珍妮佛勞倫斯在《派特的幸福劇本》中飾演年輕寡婦，雙雙奪下第85屆奧斯卡影帝后。丹尼爾由去年《鐵娘子：堅固柔情》影后梅莉史翠普手中獲獎，一個是英國人演美國總統，一個則是美國人演英國首相佘契爾夫人，都是演什麼像什麼的演技之神。向來謙遜出名的丹尼爾，雖成為第一位３屆奧斯卡影帝，卻說：「我真的不知道這些事情怎麼發生的。我只知道我此生所蒙受的好運，已遠超過我所應得。」影帝謝妻子16年包容55歲的他素以長期進入角色出名，演出時不論戲裡戲外都以角色身分生活，因此特別感謝與他結褵16年的妻子蕾貝卡，「必須忍受與一個奇怪的男人共同生活。」他說演出林肯後必須休息幾年，暫時無法思考還想挑戰什麼高難度人物。他常為角色挑戰各種惟妙惟肖的高難度口音，被媒體問是否下戲後仍走不出角色？他馬上開玩笑地以林肯的口音答：「如果我不小心又陷了進去，你們隨時糾正我。但現在我絕對已經從角色中解脫出來了。」領獎時他還半開玩笑說，３年前曾考慮演佘契爾，梅莉史翠普其實是《林肯》導演史蒂芬史匹柏心中飾演林肯的最佳人選：「我倒很想看看那個版本。」許多觀眾最愛等著看女星穿禮服時跌倒出糗，今年願望成真。珍妮佛勞倫斯年僅22歲就勇奪影后，上台時因禮服過長，當場跌在台階上，搶盡得獎風光，又成為意外焦點。她為出席典禮整天沒吃東西，雖已因禮服過長裁掉６吋，卻仍在上台時跌倒，坐在前排的休傑克曼立刻衝上前扶她起身。影后被質疑故意跌倒她是迪奧代言人，日前也曾因禮服設計在上台被懷疑走光，如今又出狀況，迪奧被懷疑設計有問題，卻也賺足曝光率。她說，跌倒時很想罵髒話，在後台還被媒體質疑是否故意跌倒搶鏡，她自嘲：「絕對是的。你還問我發生什麼事？你看看我的禮服，我在上台時踩到裙襬，而且他們樓梯又打了蠟。」她已連獲金球獎、銀幕演員公會獎影后，畢竟太年輕不懂拿捏，常因開錯玩笑而頻惹爭議，曾說「我打敗梅莉史翠普」而挨轟傲慢。但她在奧斯卡上表現進步，上台後看到全場起立，馬上自嘲：「你們是因為看到我跌倒很丟臉才起立的，但還是謝謝你們。」她也感謝今年所有優秀女性影人，並祝當天生日的艾曼紐麗娃生日快樂，一掃近日被懷疑大頭症的負面形象。但她到了後台故態復萌，拍照時一路搞笑，還以喝點酒為由，開玩笑地對媒體舉中指。,中國時報
2013,2,27,奧斯卡PARTY 梅莉史翠普金色浪凡絕配,許多沒在紅毯出現的女星穿著也成焦點，頒發影帝的梅莉史翠普，身穿浪凡設計總監Alber Elbaz為她量身打造的金色亮片禮服，被時尚評論家譽為「最大器的穿著」。梅莉史翠普最近熱愛法國精品浪凡，去年她以「鐵娘子」奪下影后時，身上的金色戰袍同樣是浪凡，今年她改當頒獎嘉賓，同樣的低胸金色亮片禮服，襯托出她一線女星的地位，浪凡配梅姨，堪稱是奧斯卡的絕配。而美國第一夫人蜜雪兒歐巴馬連線頒獎時，身上的銀色亮片禮服同樣受矚目，這套禮服出自印度裔設計師Naeem Khan之手，這也是蜜雪兒的愛牌。有趣的是，這套禮服露肩、低胸的設計，在伊朗國家通訊社播出時，被修改為高領、遮住雙肩的設計。而奧斯卡會後派對同樣迷人，甫獲影后的珍妮佛勞倫斯，換下讓她上台領獎時跌倒的Dior高級訂製服，換穿一套銀色低胸禮服，露出好身材，彷彿藉此呼應奧斯卡主持人調侃「沒見過珍妮佛的胸部」。最佳女配角安海瑟薇也同場現身，但她遮住好身材，選穿Saint Laurent淡藍色晚裝，胸前有交叉設計，整體看來依舊優雅大方。而華人女星范冰冰、李冰冰紅毯相見歡，李冰冰身為GUCCI亞太區代言人，當然穿上GUCCI春夏新裝，只是大波浪袖子的設計，被毒舌評論家說為：「會走路的花枝」。知性女星娜塔莉波曼穿Dior白色平胸的高腰晚禮服跑趴，白色看來優雅，她還配戴華人珠寶設計師Anna Hu的珠寶，頗有畫龍點睛的效果。,聯合報
2013,2,27,梅姨得天獨厚 娜歐蜜黛妃有影,奧斯卡獎塵埃落定，珍妮佛勞倫斯脫穎而出，奠定她在新世代女星的領先地位。而美國媒體也開始鎖定有機會參加明年角逐的新片，包括湯姆漢克斯、梅莉史翠普、妮可基嫚等新作都被注意，娜歐蜜華茲扮演已故黛妃的電影被視為她再度問鼎影后的力作。新生代女星艾瑪史東和克莉絲汀史都華雖很有名，但還沒有夯到演甚麼片，觀眾都肯買帳的程度。珍妮佛勞倫斯除「飢餓遊戲」要拍續集，驚悚片「地下弒」也拿下全美周末票房冠軍。奧斯卡封后，奠定她在新生代女星中的「一姊」地位。但潔西卡雀絲坦過去18個月主演的6部電影，角色間無共通性，但演甚麼像甚麼的精準度，被視演技派中新一代的「千面女郎」。而有美國媒體列出奧斯卡影片的提名、得獎公式之一是「梅莉史翠普主演」，影藝學院愛她愛到狂，她的新片「August: Osage County」改編自名舞台劇，製片人正是「亞果出任務」的喬治柯隆尼、葛蘭海斯洛與奧斯卡造勢天王哈維溫斯坦，其他主角包括茱莉亞羅勃茲、伊旺麥奎格等，想不被提名都很難。改編真人真事的還有兩位已故王妃－英國的黛安娜、摩納哥葛麗絲凱莉影片，分別由娜歐蜜華茲與妮可基嫚主演，兩人的演出都被看好提名影后。,聯合報
2013,2,26,3屆影帝 丹尼爾想演鐵娘子,英國出生的戲精丹尼爾戴路易斯，打敗所有美國男星，成為史上第一位三屆奧斯卡影帝，證明他的實力深受同業認同；他演戲時認真嚴肅，上台領獎時才展現他的幽默，昨天在台上笑稱自己曾經想爭取演「鐵娘子」，而梅莉史翠普本來才是「林肯」第一人選，被記者評為典禮上最佳笑梗。他在台上形容自己是個「戲瘋子」。演出「林肯」時，不只導演史蒂芬史匹柏在片廠都直呼他「總統先生」，片場通告表列出飾演林肯的演員名叫林肯，而非丹尼爾戴路易斯；他專心熟讀原著，靠簡訊與演他妻子的莎莉菲爾德及兩位片中的兒子喬瑟夫高登李維、格列佛麥葛拉斯培養感情，還曾用一八六○年代，類似林肯的書寫筆跡寫便條給喬瑟夫。丹尼爾戴路易斯受過嚴格的科班訓練，首度擔綱男主角的「布拉格的春天」口碑頗佳，丹尼爾雖是影評寵兒，卻非主流巨星。他在「我的左腳」成功詮釋腦性麻痺畫家入圍奧斯卡，影帝最人氣的人選卻是跟他一樣坐在輪椅上演的「七月四日誕生」湯姆克魯斯；開獎當晚，「外國人」丹尼爾打敗好萊塢美國自家天王小生，成為最熱門話題。拍「我的左腳」時，他為了感受坐在輪椅上的行動不便，下戲時也堅持坐輪椅出入，工作人員常得把他扛起來免得擋住鏡頭，不時氣得罵髒話。丹尼爾為求入戲，甚至不顧健康。拍「紐約黑幫」一度患重感冒，就是不肯聽從醫生建議穿一件較厚的外套，因為片中年代還沒有厚外套這種東西，醫生只好開強效抗生素給他。丹尼爾給人嚴肅、不易親近的感覺，其實私下感情頗豐，曾和同樣容易入戲的法國影后伊莎貝艾珍妮同居並生下一子。分手後也曾傳茱莉亞羅勃茲拿著「莎翁情史」劇本力邀他合演，擦出短暫的愛火。但在他和名劇作家亞瑟米勒的女兒蕾貝卡結婚後，緋聞便終止，他昨天也在台上感謝蕾貝卡一直扮演好賢內助的支持角色。,聯合報
2013,2,26,峰迴路轉 happy ending,今年奧斯卡最大「驚喜」莫過於李安以「少年PI的奇幻漂流」勇奪最佳導演。所謂「喜」是樂於接受這個結果；「驚」的是揭曉前，大部分的分析、賭盤，看好的都是「林肯」的史蒂芬史匹柏，我僅敢說李安「還有一拚」，意即有點希望但不能篤定，完全不像其他3個技術獎（攝影、配樂、視效）手到擒來。就結果看，班艾佛列克在導演提名意外出局，非但沒帶給史匹柏好處，成全的竟是李安！當初入圍，最跌破大家眼鏡的就是這項，得獎時再來次出其不意，負負得正，也算happy ending。奧斯卡不是真理（就像坎城推崇「愛‧慕」），但對李安導演之路絕對是里程碑。奧斯卡肯定了他跨越語言、文化、類型與制度隔閡的能耐，以及把文字轉化為影像的功力，也進一步確立他在美國影壇的正宗位置。李安致詞時不忘感謝家鄉，相信當時一塊在台中工作的劇組人員、甚至單純支持他的觀眾都與有榮焉，但請勿把李安的成功和台灣電影直接畫上等號而沾沾自喜，唯有承認當中的差異，才有辦法對症下藥，否則又只是熱熱鬧鬧一番後打回原形。今年奧斯卡稱得上意外的，大概只有「007：空降危機」和「00:30凌晨密令」共享最佳音效剪輯。奧斯卡投票人員眾多又採通訊，要勢均力敵到並列得獎，機率微乎其微。丹尼爾戴路易斯以「林肯」創下榮獲第3座奧斯卡影帝新紀錄，毫無僥倖。他在台上笑稱「林肯」本屬於梅莉史翠普，他則想角逐「鐵娘子」，展示難得一見的幽默。珍妮佛勞倫斯沒在金球獎後各種不利她的傳言下敗陣，打贏這場公關戰，證明小妮子不簡單，也教提名時創下大滿貫的「派特的幸福劇本」不至於抱蛋，但可惜了「愛‧慕」爐火純青且機會難再的艾曼紐麗娃。一家歡樂幾家愁，本就是競賽寫照。但看一票明星無論入圍與否願意出席、甚至練歌練舞，即使看上的是頒獎的收視宣傳力，卻也展示了自身的認同與專業。原本有點詭譎的入圍名單，在最後卻讓我們喜出望外，這屆奧斯卡也算峰迴路轉吧！,聯合報
2012,2,29,鐵娘子日吸400萬 分居風暴票房加倍-影帝尚杜賈丹尬舞老師 領獎飆髒話惹火老媽,奧斯卡影帝尚杜賈丹奧斯卡效應發燒！「梅姨」梅莉史翠普封后，她主演的「鐵娘子：堅固柔情」票房連帶看漲，奧斯卡揭曉當天，全台票房就爆增400萬元，62歲梅姨依然很有票房魅力。最佳外語片「分居風暴」也表現不俗，雖然全台只有2廳放映，頒獎當天票房也倍增，全台票房逼近200萬元。分居風暴換大廳 大藝術家日進70萬梅姨打敗熱門人選薇歐拉戴維斯，驚險封后，締造本屆奧斯卡最大驚喜，也帶動了「鐵娘子」的票房，頒獎典禮當天就有400萬元進帳，全台票房累計1200萬元，聲勢看漲。「分居風暴」維持2家戲院放映，為了應付觀影需求，國賓長春影城昨天中廳換成大廳，真善美戲院的觀影人口也爆增1倍，讓「分居風暴」的票房在奧斯卡頒獎當天突增近30萬元。此外，最佳影片「大藝術家」目前全台票房累計約170萬元，頒獎當天的單日全台票房賺進了70萬元。梅姨真實吃香 杜賈丹出口成髒道歉梅姨於奧斯卡2度封后，連她自己都很驚訝；她自認美國媒體可能對她有誤解，認為她拿獎拿到手軟，但事實並非如此。她說：「媒體對我的倦意，我可以理解。」媒體熱烈討論為何她會打敗熱門的薇歐拉，主因可能是梅姨所飾演的柴契爾夫人是真實人物，比薇歐拉在「姊妹」所飾演的虛構人物吃香，更迎合奧斯卡評審的口味。尚杜賈丹榮登奧斯卡影帝，前天上台領獎時High過頭，一口氣講了一連串的法語，他說：「這實在是太驚奇了，太奇妙了，真的無法置信，謝謝你們！」其中也包括了相當於英文F開頭的法文髒字。對於兒子飆髒話，杜賈丹的母親表示不滿，杜賈丹隨即認錯，面對媒體說：「是呀，我很抱歉！」但無辜地說：「這真的沒什麼，這是法國人的常用語啦！」頒獎典禮隔天，影帝接受美國ABC電視台訪問時，心血來潮，當場與「大藝術家」的舞蹈老師法比恩盧茲尬舞，兩人秀了一段精彩的踢踏舞，超級興奮，讓兩位主持人凱莉里琶與尼爾派翠克哈里斯笑得合不攏嘴。,自由時報
2012,2,28,梅姨驚呼Oh my god 鐵娘子驚險逆轉勝,梅莉史翠普打敗原本呼聲最高的薇歐拉戴維斯，奧斯卡2度封后。！」頓時台下來賓全部起立鼓掌，畢竟這是梅姨繼1983年的「蘇菲亞的選擇」後第2次封后，這些年來她在奧斯卡頒獎典禮台下坐了14次的冷板凳，熬得也夠久了，台下影人無不給梅姨報以最熱烈的掌聲！梅姨自嘲：「可能會有一半的美國人對我拿獎有意見，會說：『怎麼又是她？』不過，是我又怎樣，管他的！」她感性地說：「首先我要先謝謝我的老公，因為我不想在發表感言的尾聲，匆促地感謝我的丈夫。唐，我生命中最珍重的就是你。」梅姨接著感謝跟她合作30年的化妝師傑羅伊荷倫，兩人從「蘇菲亞的選擇」就開始合作到現在，默契十足。梅姨最後表示：「謝謝各位新舊朋友，在這裡的或不在人世的，感謝你們的友誼和愛。」,自由時報
2012,2,28,奧斯卡３帝１后 演活政治人物,綜觀歷屆奧斯卡的最佳男女主角，有很多得主都是靠演繹政治人物獲得矚目，征服電影獎評審。除了本屆影后「梅姨」梅莉史翠普，另外海倫米蘭、柯林佛斯都是因為扮演英國皇室或政治人物而嶄露頭角，也因此順利登上奧斯卡帝后寶座。海倫米蘭 英國女王最佳代言人梅姨在「鐵娘子：堅固柔情」演活了英國前首相柴契爾夫人。柴契爾夫人從70年代到90年初活躍於英國政壇，讓台灣許多4、5、6年級生記憶猶新，而且柴契爾夫人本尊仍健在，所以要演出她的傳記電影，不免會被觀眾放大比較。不過梅姨的精湛演技通過了影迷這一關，雖然有影評認為此片像是梅姨的個人演技秀，她的表演比電影本身還強，外傳柴契爾夫人拒看此片，但美國影藝學院會員似乎認為以梅姨目前在影壇的地位，她絕對應得第2座奧斯卡影后。海倫米蘭也將英國女王伊莉莎白2世詮釋得相當出色。她跟本尊曾見過面，自己也被受封為英國女爵，在英國人民心目中，她就是英國女王的最佳代言人。柯林佛斯 惠塔克 班金斯利稱帝柯林佛斯去年以英國國王喬治6世的角色稱帝，佛瑞斯惠塔克、班金斯利也分別以歷史上著名的政治領袖阿敏、甘地摘下奧斯卡影帝，這些人物雖已走進歷史，但這3位演員以卓越的演技將他們注入新的生命力，接連獲得奧斯卡青睞，可謂實至名歸。,自由時報
2012,2,28,最佳影片幕後推手-大藝術家鍍金 溫斯坦巧妙布局,靠著美國發行商溫斯坦公司的慧眼與精密布局，「大藝術家」囊括各大影展獎項。記者鄒念祖／特稿製作人湯瑪士朗曼的全球票房，而5座奧斯卡獎又將替這部片的票房繼續加溫。有前例 王者之聲成功登頂去年哈維溫斯坦也是靠著他的公關運作，讓他買進的英國片「王者之聲」打敗原本呼聲頗高的「社群網戰」，在奧斯卡贏得影片、導演、影帝等4項大獎。「王者之聲」的成本也是1500萬美金，光是美國票房就有1.3億美金，獎項票房雙贏。捨大影展 不讓觀眾被誤導溫斯坦在2011年1月的日舞影展看了「大藝術家」後，便慧眼買下美國版權，然後讓它在5月的坎城影展開幕前2天，非常神奇的從觀摩片轉為競賽片，放映後反應熱烈，台灣還有2家發行商在搶版權，男主角尚杜賈丹也贏得坎城影帝。「大藝術家」在祖國坎城影展打完了漂亮的一仗後，北美首映選擇了知名度較低，位於科羅拉多的泰路萊德影展，而非北美最大的多倫多影展。因為溫斯坦希望觀眾與影評同時看片，讓觀眾第一時間感受它的魅力，才不會被影評誤導為一部沉悶的黑白片。得獎加持 票房三級跳「大藝術家」先於11月底在紐約與洛杉磯的幾間戲院上映，隨著各大影評人獎與金球獎頒獎，逐步增加上映規模。1月24日奧斯卡入圍揭曉後，「大藝術家」的票房就開始雙倍攀升。今年溫斯坦公司的代理影片總共得到16項奧斯卡提名，讓梅莉史翠普贏得影后的英國片「鐵娘子：堅固柔情」，以及讓蜜雪兒威廉斯入圍影后的「夢露與我的浪漫週記」，也都由溫斯坦公司取得美國發行權。,自由時報
2012,2,28,馬克早洩名單失準,今年奧斯卡有一顆老鼠屎，美國影星馬克華柏格在頒獎典禮前2天聲稱他從計票單位獲知得獎名單，不過昨天才頒到第3個獎最佳服裝設計，馬克的早洩名單就失準，他說會由「雨果的冒險」獲獎，真正得主卻是「大藝術家」。馬克大膽指出影后將由「姊妹」的薇歐拉戴維斯獲得，英國賭盤賠率也在一天內翻轉。梅莉史翠普這幾天的心情猶如洗三溫暖，從大熱門變第2名，又在揭曉時刻突圍獲獎。,自由時報
2012,2,28,鐵娘子變臉 逼真老妝有一套,「鐵娘子：堅固柔情」不但將「梅姨」梅莉史翠普推上奧斯卡后座，片中鬼斧神工的化妝技術也獲得評審青睞，榮獲本屆奧斯卡最佳化妝。梅姨在電影一開場以80幾歲的老妝登場，逼真的程度令許多觀眾嚇了一跳，直呼太神奇了！加入爆牙元素 梅姨更像本尊梅姨在「鐵娘子：堅固柔情」精準飾演英國前首相柴契爾夫人，從她的中年演到老，不論樣貌、聲音、腔調、姿態、甚至連臉部神情都演得很到位，除了拜梅姨的演技之賜外，化妝師傑羅伊荷倫也功不可沒。如果把柴契爾夫人本尊跟梅姨的版本拿來比一比，除了髮型、眉型、服裝等比較好調整的部分外，化妝師還特別為梅姨加入「爆牙」的元素，此方法果然讓梅姨更貼近本尊的臉型。戴上假臉皮 皺紋更清楚除了臉型要像柴契爾夫人，梅姨逼真的老妝是傑羅伊荷倫的另一項任務。他利用「翻模」的技術，以梅姨的臉型為基礎做出假的老人臉皮，讓梅姨戴上這層假皮後，呈現出更自然的老態，臉上的皺紋也顯得更清楚。反觀台灣的特殊化妝工業，雖然有越來越多年輕的人才從英國、美國學得技術，回到台灣貢獻己力，但礙於台灣電影製作的經費限制、化妝材料的匱乏，讓這些人才無法發揮所長，非常可惜。台灣電影界的資深化妝師林美玲，作品包括「賽德克‧巴萊」、「命運化妝師」，有感而發表示：「台灣做翻模的很少，特殊化妝的材料又很貴，而且做特殊化妝的機會不多，這是我們現在所面臨的問題。」特殊化妝 要翻模材料貴如果要做好一個精緻的老妝，材料及技術費用動不動就要上萬元，對預算有限的台片劇組來說的確是個負擔，所以國內的特殊化妝師都會想盡辦法在有限的資源裡，做出效果最好的作品。,自由時報
2012,2,27,華柏格惡搞 奧斯卡得主慘早洩,馬克華柏格洩密，提早將奧斯卡得獎名單公諸於世。好萊塢男星馬克華柏格惡搞奧斯卡！他聲稱事先得知本屆奧斯卡得獎名單，肆無忌憚地公布最佳影片得主是「大藝術家」，尚杜賈丹和薇歐拉戴維斯將稱帝封后！會計師事務所洩機密 華柏格亂爆料華柏格時常語不驚人死不休，他今年1月發表「我可以阻止911劫機發生」言論，引發各界撻伐，沒想到他沒學到教訓，在奧斯卡頒獎前1天洩漏得獎名單。華柏格向英國媒體「哈芬頓郵報」透露，他有朋友在知名會計師事務所「PwC」上班，這家事務所為美國影藝學院計票及管理得獎名單長達78年，不料今年卻洩漏風聲，還傳到「大嘴巴」華柏格耳裡，害本屆奧斯卡得主早洩。普拉瑪最老男配 奧塔薇雅抱女配華柏格說：「這不是我在預測誰會得獎；我知道誰確定會得獎。」根據他的說法，「大藝術家」將拿下最佳影片和最佳男主角，「姊妹」薇歐拉將打敗「梅姨」梅莉史翠普拿下最佳女主角，「新手人生」克里斯多夫普拉瑪與「姊妹」奧塔薇雅史班森則並列最佳男女配角。華柏格洩漏的得獎名單不只是演員獎項，他還補充說：「『變形金剛3』會得最佳音效剪輯，『雨果的冒險』會摘下最佳服裝、美術和攝影。」「阿湯哥」湯姆克魯斯、安吉莉娜裘莉、小勞勃道尼、葛妮絲派特蘿等A咖這幾天都忙著為奧斯卡彩排。究竟華柏格洩露的名單正不正確？今早登場的第84屆奧斯卡頒獎典禮便見分曉。台視將在今天早上8點轉播典禮盛況，STAR MOVIES及Star World將於8點30分轉播。,自由時報
2012,2,26,奧斯卡帝1夯杜賈丹 凱薩獎吃癟,「大藝術家」的尚杜賈丹是賭盤最看好的影帝。如果賭「繼承人生」的喬治克隆尼得獎，下注者有機會小賺一點。第84屆奧斯卡頒獎典禮將於台北時間週一早上舉行，英國賭盤看好「大藝術家」得最佳影片，賠率1.05，若賭它得獎，每1元只能回收1.05元。影后最看好「姊妹」的薇歐拉戴維斯，男主角則由「大藝術家」尚杜賈丹領先，但法國自家的凱薩獎卻很不給他面子，沒讓他抱回影帝獎。杜賈丹強壓克隆尼 薇歐拉勝梅姨從賭盤來看，今年男女主角都是兩強相爭，沒有壓倒性的贏家，也比較值得一賭。杜賈丹有「法國的喬治克隆尼」之稱，賭盤賠率是1.67，賭1塊只能拿回1.67塊；以「繼承人生」入圍的喬治克隆尼則是2.10，萬一他得獎，賭1塊還可以拿回2.10塊。以「鐵娘子：堅固柔情」入圍的「梅姨」梅莉史翠普，賠率是2.20，小輸薇歐拉的1.61賠率。兩人曾合演2009年的「誘惑」，雙雙入圍奧斯卡女主角與女配角摃龜。接下來梅姨將與另一位奧斯卡影后茱莉亞蘿勃茲演母女，這將是兩人首度合作，將東尼獎得獎舞台劇「August： Osage County」改拍為電影。普拉瑪橫掃各獎 奧塔薇雅獎聲高賭盤最看好的最佳女配角是「姊妹」的奧塔薇雅史班森，最不值得一賭的則是最佳男配角，「新手人生」的克里斯多夫普拉瑪飾演一位罹患癌症而向兒子出櫃的同志，已橫掃各大獎項，賠率低到只有1.02。普拉瑪是「真善美」的男主角，從未得過奧斯卡，今年82歲的他若順利得獎，將打破「溫馨接送情」潔西卡譚頓的80歲得獎紀錄，成為奧斯卡最老的得獎者。至於以「心靈鑰匙」入圍男配角的麥斯馮西度，比普拉瑪大8個月，今年4月就要83歲。他是英瑪柏格曼的御用演員，也是「大法師」裡幫忙驅魔的老神父，在「心靈鑰匙」挑戰一個遭逢心理創傷而從此不再說話的角色，不靠言語就極度感人。,自由時報
2012,2,29,蘋論：懷舊反擊電腦特效,回歸到純真年代但今年有點反常。入圍和得獎的作品反而較傾向於歐洲的藝術電影，不是一般的通俗娛樂片。原因可能是這10多年來電影過度使用電腦特效科技，使人反而成為配角，替真正主角──電腦的虛擬實境打工。在眾人看膩了高科技的數位合成及3D影片之後，回歸到電影的「純真年代」，那個古典人文氣息以關懷人、感動人為主旨的拍片年代。今年這些參展影片是電影人企圖從電腦手中搶回解釋人生的藝術權力，而對電腦效果展開的一次反撲。今年入圍和得獎影片共同的特質就是懷舊。「懷舊」的概念最早在17世紀由奧地利醫師所提出，針對異地征戰的士兵，因思鄉情切在異鄉看到家鄉城鎮的病態幻覺所命名。19世紀後，懷舊的意義改變成對過去黃金時代產生憧憬，是對「現代化」的反動，並將過去的記憶透過女性論述與形象加以美化、浪漫化與陰柔化。在當代的文化研究中，懷舊成為對「現代主義」和「現代化」反制的抗拒行為。懷舊特別出現在電影的敘事裡，人們在電影中透過懷舊的方式重回現場，因此懷舊能形成一種意欲改寫歷史的張力，使得懷舊得以衍生出一種特殊的磁場與心理力量。科技片震耳欲聾今年奧斯卡的入圍與得獎懷舊影片有《午夜．巴黎》、《姊妹》、《大藝術家》、《雨果的冒險》、《戰馬》，連《鐵娘子：堅固柔情》在換代迅速的現在，也多少散發出1980年代的懷舊氣氛。席捲5座大獎的《大藝術家》甚至全片黑白拍攝，回到默片時代，男主角都默不作聲。等進步到有聲電影時代，男主角竟難以適應到連話都說不出來，諷刺現在震耳欲聾、不重視內涵的音響科技電影。近年來像《阿凡達》、《變形金剛》、《世界末日》、《決戰異世界》等賣座電影，靠的不是裡面的男女主角，而是震撼觀眾的電腦特效。好看是好看，但欠缺了人的氣息和人文的感受。奧斯卡獎的評審終於受不了了，對惟科技本位主義電影的反擊，就是讓懷舊片回到主流市場。,蘋果日報
2012,2,28,尚杜加汀首位奧斯卡法國影帝 梅莉史翠普 2封后,梅莉出道逾30年，1980年以《克拉瑪對克拉瑪》《姊妹》◎最佳動畫：《飆風雷哥》(Rango)◎最佳外語片：《分居風暴》(A Separation)伊朗◎最佳服裝設計：《大藝術家》◎最佳藝術指導：《雨果的冒險》(Hugo)◎最佳攝影：《雨果的冒險》◎最佳音效：《雨果的冒險》◎最佳音效剪輯：《雨果的冒險》◎最佳視覺特效：《雨果的冒險》◎最佳剪輯：《龍紋身的女孩》(The Girl with the Dragon Tattoo)◎最佳改編劇本：《繼承人生》(The Descendants)◎最佳原著劇本：《午夜．巴黎》(Midnight in Paris)◎最佳化妝：《鐵娘子：堅固柔情》◎最佳電影配樂：《大藝術家》◎最佳電影歌曲：●《青蛙布偶秀》(The Muppets，暫譯)主題曲●《人或布偶》(Man or Muppet，暫譯)◎最佳動畫短片：《墨瑞斯先生的奇幻飛行書》(The Fantastic Flying Books of Mr. Morris Lessmore，暫譯)◎最佳短片：《海岸》(The Shore，暫譯)◎最佳紀錄片：《所向披靡》(Undefeated，暫譯)◎最佳紀錄短片：《整修門面》(Saving Face，暫譯)◎終身成就獎：詹姆斯厄爾瓊斯(James Earl Jones),蘋果日報
2012,2,28,奧斯卡紅毯 蝴蝶鑽突圍 蜜雪兒威廉斯 奪時尚花魁,本報越洋採訪美國知名時尚版主 Tina Craig（陳尚婷）、台灣天后造型師陳孫華，並集結美國《InStyle》和《哈潑》兩大時尚雜誌評比，選出本屆星光大道「衣Ｑ榜」。蜜雪兒以Louis Vuitton的復古禮服，搭配30克拉鑽石項鍊，腰間佩戴19世紀的古董蝴蝶別針，豔光四射，榮登「衣」姊。陳孫華誇讚：「紅色禮服襯托她的雪白肌膚，腰間蝴蝶鑽飾畫龍點睛。」Tina也認為：「蜜雪兒的禮服搭配俐落金髮，俏皮時髦，粉紅手拿包很出色。」紅毯亞軍是新生代女星艾瑪史東，她的Giambattista Valli 訂製服領口的蝴蝶結別致復古，Tina認為：「她不靠裸露，朱紅禮服搭配紅髮，穿出好氣質。」魯妮瑪拉和蜜拉喬娃維琪並列季軍，魯妮以《龍紋身的女孩》競逐影后敗北，但時尚品味大獲肯定，陳孫華說：「魯妮穿Givenchy的白色禮服，有一股叛逆態度，堪稱『黑暗版奧黛莉赫本』。」蜜拉首踏奧斯卡紅毯，竟以３年前的Elie Saab秋冬訂製服首戰奏捷。Tina表示：「今年白色禮服特別多，但蜜拉的亮片裝飾最美。」陳孫華也認同：「單肩禮服襯托好身材，髮型自然有型。」梅莉裘莉星光災難入圍影帝的克魯尼帶前摔角選手新歡史黛西出席，搞笑說：「她沒穿衣服，金裝是噴上去的。」被虧晚上可帶兩尊小金人回家，曾獲最佳男配角的他笑答：「我已有一尊了。」影后梅莉史翠普演技佳，服裝品味卻令人不敢恭維，金色禮服以環保材質製成，Tina形容她「穿睡袍出門」，陳孫華也說：「看起來很廉價，宛如行動小金人。」安潔莉娜裘莉以Atelier Versace禮服，搭7500萬元台幣鑽飾，卻惡評如潮。Tina說：「她瘦得像骷顱，撐不起禮服，不斷露大腿，像脫衣舞孃。」陳孫華表示：「裘莉站姿風塵味太重，像站壁女郎。」前年影后珊卓布拉克也入3醜行列，Tina說她的禮服「像從凱撒宮賭場偷來的」，陳孫華認為上身太寬鬆，看來很壯碩。,蘋果日報
2012,3,1,梅姨奪獎發佛心 以敵手薇拉之名捐58萬,新出爐的奧斯卡影后梅莉史翠普（梅姨），真是佛心來的，雖打敗強敵薇拉戴維斯，仍處處關愛這位後輩。得獎的第二天，她馬上就以薇拉的名義，捐出2萬美金（約58萬台幣）給她家鄉的一所學校和一間圖書館，成就影壇一段佳話。奧斯卡賽前多數媒體都看好薇拉奪金，連梅姨自己都認為該頒給薇拉，最後卻是自己得獎，高興之餘也將心比心，得知好友常捐錢給故鄉的一家破產圖書館和財務困難學校，二話不說就以薇拉之名，各捐出1萬美金，幫她回饋家鄉，令人感動。事實上，梅姨和老公多年來一直默默捐助需要幫助的團體，每年都捐出至少百萬美金（約2900萬台幣）。可能是好心有好報，《鐵娘子：堅固柔情》在台上映4天，就創全台1400萬台幣的高票房，大勝其他奧斯卡入圍影片。,中國時報
2012,2,29,李冰冰東方美人魚 美媒叫她第一名,李冰冰出席奧斯卡相關活動，禮服一套換過一套，令媒體目不暇給，她成功吸睛，在美國眾多時尚網站排行榜均入選TOP10，知名時尚網站「styleite.com」更將她在奧斯卡紅毯上的「美人魚裝」評為10佳之首，葛妮絲派特洛白色素雅禮服排名第二，影后梅莉史翠普金光閃閃深Ｖ戰袍則排名第５。,中國時報
2012,2,29,梅姨腳踩Ferragamo 向佘契爾致敬,梅莉史翠普（梅姨）以《鐵娘子：堅固柔情》中飾演的英國前首相佘契爾夫人一角，勇奪奧斯卡影后，雖未見過佘契爾本人，但仍心懷感激，出席奧斯卡的造型，也細心向佘契爾致敬。她的高跟鞋是佘契爾過去最愛穿的品牌Ferragamo作品，金色禮服則是好友柯林佛斯的太太所發起的環保禮服系列作品。對於服裝選擇，她說：「我想佘契爾夫人應該會贊同的，你不覺得嗎？」梅姨平日生活規律從不跑趴，也難得賞臉出席奧斯卡會後晚會，與柯林佛斯、珊卓布拉克等好友擁抱親吻慶祝得獎。但她在《鐵娘子》之後最新露臉的作品，竟然將是在脫口秀主持人吉米奇摩最新的綜藝短片中，戴上達利的假鬍子，與湯姆漢克、海倫米蘭、夏莉茲賽隆、喬治克魯尼等人一同搞笑演出。《大藝術家》的新科影帝尚杜夏丹，則在「登基」後暴紅，次日帶著妻小回巴黎，大群粉絲要求簽名。,中國時報
2012,2,28,自嘲史翠普疲乏 影后台下落淚 史上最高17次入圍、14次槓龜 演鐵娘子難度高 觀眾嘆如特技 曾率好萊塢女演員嗆劇本爭片酬,六十二歲的梅莉史翠普在電影《鐵娘子：堅固柔情》中飾演英國前首相佘契爾夫人，讓她今年第十七次入圍奧斯卡，寫下奧斯卡演員獎中最高的入圍紀錄。當然，她十四次槓龜紀錄也無人能及。連她領獎時，都自嘲地說：「當他們宣布我的名字時，我心想，有半數美國人心裡大概都在想『喔，不要吧，又是她…』！」史翠普飾演政治女強人佘契爾夫人，堅強形象深植人心，連獲獎致詞時都幽默自嘲，忍住不讓眼淚掉下來。但到了後台，淚水關不住，透露了近卅年未獲奧斯卡評審青睞的心情。她在《鐵娘子》中的高難度演出，讓許多觀眾大嘆是特技。但她本次的封后之路，不如想像中順遂。曾在電影《誘．惑》中合作演出的好友薇歐拉戴維斯以《姊妹》與她不斷拉鋸，日前並在對奧斯卡演員獎最具指標性的「銀幕演員工會獎」奪下影后。影壇臆測，梅姨恐再槓龜。她會擔心嗎？她說：「喔不，我已擁有我生命中夢想的一切。其實我了解那種『史翠普疲乏』，我很驚訝大家可以克服這種感覺而把獎頒給我。」她戲裡扮鐵娘子，私下也有鋼鐵般的意志。一九七六年《大金剛》中，潔西卡蘭琪飾演的美女角色，她曾試鏡。當時，製片羅倫提斯當面轉頭以義大利語對兒子說：「幹麼把這隻豬送來給我看！這女人醜死了！」不料她是語言天才，當場以義語回：「很遺憾我讓你失望了。」把製片嚇得半死。九○年代中期，她更率領一票女演員抗議好萊塢劇本都以男人為主、歧視女性，也曾大聲抗議片酬不如男性。這種鋼鐵般的鬥志，她不演鐵娘子，誰更適合？拿了獎，她特別感謝雕刻家老公一路相伴，以及從《克拉瑪對克拉瑪》與她合作至今的化妝師，兩人今年終於靠佘契爾一角雙獲獎。她說，從未見過佘契爾本人，角色全靠想像，擁有大量自由空間，卻也需對歷史負責。她面對槓龜雖然總雍容大度，其實也難掩在乎，今年穿了全身金色禮服出席，來勢洶洶地把自己打扮成小金人：「我心想，我已經這麼老又過時了。但當他們叫你的名字，你還是會眼前頓時一片空白，感覺自己又像個小孩；我第一次得獎時（一九八○年）根本還是個小孩。」。,中國時報
2012,2,28,《鐵娘子》痴呆入鏡 英批殘忍,第八十四屆奧斯卡獎的最佳女主角獎由《鐵娘子》一片中飾演英國前首相佘契爾夫人的美國演員梅莉史翠普奪得。面對《鐵娘子》一片在世界舞台展現光彩，英國各界感受卻十分分歧。英國輿論多肯定梅莉史翠普的演技，但由一位美國人來演出英國前首相，以及未能全面描繪佘契爾在一九七九年到一九九○年，在位期間的政經政策和對英國造成的影響，反而透過映像強調她罹患老年癡呆症的光景，英國社會多所微詞。佘契爾夫人本人和家人始終拒絕觀看本片。女兒卡洛透露，影片開拍前，梅莉曾要求與佘契爾夫人見面，但遭回拒。卡洛說，她和兄長馬克都收到《鐵娘子》在倫敦首映的邀請，但他們「沒有興趣」參加，「我們的母親也不會觀看這部電影。」影片中某些場景把這位前首相塑造成一個罹患老年痴呆症的老婦，在英國朝野爭議不斷，甚至鬧進下議院內。多位英國議員認為，這部影片對佘契爾夫人形象塑造「冒昧且不公正」。佘契爾夫人任內的前閣員也指責該片對高齡八十六歲的佘契爾夫人過於「殘忍」；佘契爾夫人從未像電影中那樣「半歇斯底里」，更不是一個情緒化的女性。首相卡麥隆肯定梅莉在《鐵娘子》一片中「神乎其技」的演出。但質疑說，這部影片要表現的似乎是一個癡呆老婦，而非一名了不起的英國首相。佘契爾夫人傳記的授權作者、英國《每日電訊報》前總編輯查爾斯摩爾也表示，把一個活生生的人描寫成老年痴呆症患者，是極不厚道的做法。英國廣大的電影觀眾也有不同意見。左翼觀眾對片未批評佘契爾夫人極右的政策主張，感到不滿；支持保守黨的右翼觀眾則認為，這部片子再度提醒他們當年為什麼支持佘契爾政府。一九九○年代後出生，從未歷經過佘契爾時代的年輕人多指出，《鐵娘子》讓他們對佘契爾夫人感到無限同情。,中國時報
2012,2,28,《大藝術家》5項大獎最大贏家 睽違29年 梅莉史翠普再鍍金,第八十四屆奧斯卡頒獎典禮於台灣時間廿七日早上頒發，以黑白默片形式拍攝的《大藝術家》勇奪最佳影片、導演、男主角等五項大獎，成為本屆最大贏家！《雨果的冒險》雖以五座小金人打平，但都為技術獎項。眾望所歸的梅莉史翠普，則以《鐵娘子：堅固柔情》中的英國前首相佘契爾夫人一角，在睽違廿九年後，再嘗到奧斯卡封后滋味。本次奧斯卡創了很多紀錄。其中，梅莉史翠普從影卅五年，只拿過兩次奧斯卡，繼一九八○年《克拉瑪對克拉瑪》奪最佳女配角，以及一九八三年《蘇菲亞的選擇》獲頒影后至今，已長達廿九年與小金人無緣。且從一九八三年上次得獎至今，已槓龜十二次，終於在本屆奧斯卡以《鐵娘子：堅固柔情》鍍金（女主角、配角共入圍十七次，包含這次共三次得獎）。史翠普的三座小金人，讓她終於打平了英格麗褒曼、傑克尼柯遜與華特柏尼曼等人保持的紀錄，只有凱薩琳赫本的史上四座小金人贏她。她獲獎時激動不已，全場為了這個公認遲來的肯定起立致敬，宛如頒發終身成就獎，她也開玩笑自嘆：「我想我以後大概沒機會再得了。」《大藝術家》這部片則創造了奧斯卡史上第二次默片得獎，和首次有法國籍影帝尚杜夏丹的紀錄。該片雖由法國導演米榭哈札納維奇編導，全片卻在美國洛杉磯取景，以黑白默片復古形式，透過默片巨星的生涯起落，道出好萊塢從一九二○到一九三○年代，由默片過渡到有聲電影的時代變革。適逢全球電影工業正面臨著從膠片到數位、從２Ｄ到３Ｄ的時代轉折，彷彿意在言外地以古諷今。高齡八十二歲的老牌演員克里斯多夫普拉瑪，因飾演老年出櫃的同志角色，而獲頒遲來的首座小金人，他成為奧斯卡史上年紀最大的演員獲獎者，有意思的是，他的獲獎作品就叫《新手人生》。以黑人種族歧視為題材的《姊妹》，雖然女主角薇歐拉戴維斯飲恨敗給梅莉史翠普，但女配角奧塔薇亞史賓賽仍順利奪下女配角獎。伊朗電影《分居風暴》，則繼柏林影展金熊獎等國際大獎後，首度為伊朗在奧斯卡奪下最佳外語片，這也是一項新紀錄。（相關新聞刊Ａ３、Ｄ１至Ｄ４）。,中國時報
2012,2,28,《奧斯卡電影推薦》《雨果》3D獲好評 《大藝術家》獨樹一格,"本屆奧斯卡的重要必看電影，非屬《大藝術家》、《雨果的冒險》和《鐵娘子：堅固柔情》莫屬，前兩部電影各拿下最多的５個獎項，《鐵娘子》的梅莉史翠普，則在驚濤駭浪下，贏過《姊妹》的薇拉戴維斯，到底厲害在哪裡，得要親眼看過電影才能見分曉。《大》片從編、導、演到製作心思都別樹一格，在現今光影技術已屆登峰造極，華麗的CG跟誇張的3D與日俱增的現實下，居然出現這種零對白、沒色彩的電影，感覺有點離經叛道，但確實與眾不同，尤其它強調演員肢體動作以至畫面結構和聲效的重要性，難怪備受推崇。導演米歇爾和男主角尚杜夏丹因《大》片為世人所識，其實這對哥倆好早於2006年便合作，憑顛覆典型特務片的《OSS117：Cairo,NestofSpies》笑破觀眾肚皮。電影女主角貝芮妮絲貝喬也因此跟導演相識相戀，再度成為《大》片女主角，難怪３人默契十足。《雨果》被媒體讚譽為繼《阿凡達》之後最棒的3D電影，導演馬丁史柯西斯說：「這更像一部我寫給電影的一封情書。雨果令我想起1945年只有３歲的我，罹患哮喘…我家人常帶我去看電影，即使到15歲我仍被禁止做很多事，於是我開始在家畫畫、拍電影，當我看到《雨果》中這個男孩被危險世界隔離的故事時，真的被它深深吸引…。」而說《鐵娘子》的梅莉史翠普是出盡百分之兩百的功力，演得恍如真人上身不為過，她的方法演技已爐火純青，尤其片中她還從30歲一路演到80多歲，老年失智症的自然演技更是超凡。",中國時報
2012,2,28,82歲最老綠葉向小金人告白 普拉瑪：這些年，你躲哪去了？ 《姊妹》女僕奪女配 奧塔薇亞淚灑舞台,同志角色往往是演員獲得奧斯卡的捷徑，繼湯姆漢克、希拉蕊史溫克、夏莉茲賽隆等人之後，高齡82歲的老牌莎劇演員克里斯多夫普拉瑪，在《新手人生》中飾演老年罹癌後向兒子出櫃的同志角色，終於奪下他從影60年來的首座奧斯卡，成奧斯卡史上年紀最大的演員獲獎者，他說：「全世界演員都一樣，不論是同性戀或異性戀。同志演員可以演異性戀角色，反過來當然也可以。」謝妻：她該得諾貝爾獎克里斯多夫普拉瑪早年以1965年的《真善美》最為人熟知，卻直到去年才以《為愛起程》首度入圍奧斯卡，今年更以《新手人生》得獎無數，小金人早被視為囊中物。他的謝辭睿智雋永，成整晚最感人的片段。他幽默看著手中的第84屆小金人獎座說：「親愛的，你只比我大兩歲啊，這些年來，你都躲到哪裡去了呢？」他年輕時風流成性，直到第三任妻子才定下來，因此他特別感謝他「長期受苦」的妻子：「她拯救了我生命中的每一天，她應該要獲頒一座諾貝爾和平獎。」得女配角獎全場起立有趣的是，他雖高齡82歲，但多倫多大學的教授研究，稱金像獎得主可以比那些沒入圍過奧斯卡的人，還多活好幾年！也就是包括他和梅莉史翠普、尚杜夏丹，可以比人更長壽，克里斯多夫普拉瑪如今有小金人在握，可以高枕無憂、多活幾年了。電影《姊妹》中的女配角奧塔薇亞史賓塞，飾演一名性格剛烈卻又善良心軟的女僕，呼聲最高且順利奪獎，但她無法像前輩普拉瑪這麼鎮定。她獲獎時，全場起立，顯示她眾望所歸，她激動地哭到無法言語，事後特別感謝史蒂芬史匹柏，因該片由史匹柏的夢工廠製作：「他可以找任何一個明星來演，卻讓導演泰特泰勒用了我這個名不見經傳的人。我希望我可以成為一個希望的象徵，特別因為我不是傳統的好萊塢美女。」。,中國時報
2012,2,27,眾星挺薇拉封后 鐵娘子未戰先降 同情牌發酵 梅姨沮喪:不想拿小金人了,今年奧斯卡金像獎很詭譎，感覺未頒先揭曉，一堆大嘴巴明星迫不及待透露自己的選擇，丹佐華盛頓挑明講：「我的一票壓在《姊妹》的薇拉戴維斯身上。」老牌女星瓊考琳絲更直言《姊妹》和《大藝術家》是大贏家，至於馬克威柏格居然一一點名得獎者，說《大藝術家》的尚杜夏丹非奪下男主角不可，難怪梅莉史翠普（梅姨）會氣到沮喪，未戰先降：「我不想拿小金人了，寧願我的好友薇拉得到。」本屆奧斯卡亮點在影帝后之爭，因喬治克魯尼＆尚杜夏丹，梅莉史翠普和薇拉戴維斯各有支持者，端看電影公司如何運作，結果同情牌大發酵，一堆明星都意有所指說，會將票投給尚杜夏丹、薇拉戴維斯。《繼承》挾票房優勢尚杜夏丹與薇拉前者是法國人、後者是黑人，未來想要演到好片入圍奧斯卡機率，少之又少，不像克魯尼或史翠普片約不斷且「隨便演都能入圍」。如今克魯尼唯一勝算是《繼承人生》票房比《大藝術家》賣座，這種希望奧斯卡電影能受普羅大眾喜愛的商業價值，不知能否贏得評審青睞。而梅姨若不能以《鐵娘子》留給評審深刻印象，就只好連吞15敗戰績（女主配角共入圍17次）。《姊妹》女配喊縮胸《姊妹》女主角、女配角薇拉戴維斯和奧塔薇亞史賓塞能否同時奪下小金人，也是眾所注目，尤其薇拉致詞一向感人肺腑，肯定被媒體拿來大書特書，而奧塔薇亞的致詞絕對大爆笑，她早就放話：「得獎後我要去縮胸。」《大藝術家》若橫掃奧斯卡，除創下奧斯卡「票房最差」的最佳電影，也會叫許多影迷臉上三條線，因該片在美賣座奇差，反倒是《姊妹》叫好叫座。主辦單位不再像前兩屆找年輕的安海瑟威、詹姆斯法蘭柯或休傑克曼主持，而邀老搭檔比利克里斯托回鍋，許多人也等著看成效如何。,中國時報
2012,2,29,連續中風 鐵娘子不敵失智症,美國女星梅莉史翠普以「鐵娘子：堅固柔情」勇奪84屆奧斯卡最佳女主角獎，她扮演英國前首相柴契爾夫人，也呈現鐵娘子晚年面臨失智症真實與幻覺交錯的不同面貌；專家表示，柴契爾夫人經歷幾次小中風，最後飽受失智症所苦，國人切勿忽略高血壓、中風引發的後遺症。「鐵娘子」目前台在上映，梅莉史翠普飾演柴契爾夫人，入木三分，尤其年邁時的眼神與走路方式，詮釋得唯妙唯肖，連思念已逝的夫婿及遠在南非的兒子，都讓人動容。長庚醫院失智症中心主任徐文俊表示，柴契爾夫人卸下英國首相一職後，曾經歷幾次小中風，有過動作不協調和口齒不清的情況，雖然每次就醫都沒有生命危險，但這類病人經過幾次中風後，認知功能和肢體協調能力每況愈下，病情也就如同下樓梯般的惡化。天主教耕莘醫院神經內科主治醫師劉議謙指出，根據研究顯示，白種人罹患的老年失智症以退化性的阿茲海默氏症居多，在東方國家，則是因腦血管疾病引起的血管性失智症，比退化性失智症稍多，前者病情往往會突發性惡化，例如原本可以辨識家人、自理生活，卻在幾天後突然喪失正常功能，讓家屬感到難以接受，而退化性失智症的病情則是逐步退化。徐文俊表示，美國已故總統雷根所罹患的失智症，就是典型的阿茲海默氏症，他在2004年病逝後，女兒出版「最長的告別」《The Long Goodbye》，紀錄雷根和失智症奮戰的過程。同樣的，生病後的「鐵娘子」，也因為經常處於妄想與幻覺之中，尤其不斷提到死去的親人，讓家屬以為是中邪，處理這類病人，就像電影中的台詞，「每天都在打仗！」徐文俊和劉議謙都指出，目前血管性失智症只能針對症狀進行治療，但比退化性失智症卻是容易預防，預防血管性失智症的不二法門就是控制高血壓、減少中風機率與發生，即使病人只有小中風，也要遵醫囑按時服藥，以免失智症找上門。,聯合報
2012,2,29,今年奧斯卡 很政治？,藝術歸藝術，政治歸政治？看看今年的奧斯卡獎吧！最大贏家「大藝術家」讓法國電影圈高呼「文藝復興」再臨，影后讓英國很不爽，最佳外語片讓伊朗覺得打敗了宿敵以色列，都有強烈的政治意味。英國輿論肯定梅莉史翠普的演技，但是由美國人演英國前首相，再則未能全面描繪柴契爾夫人在1979年到1990年，在位期間的政經政策和對英國造成的影響，反而透過映像強調她罹患阿滋海默症的光景，英國社會多所微詞。英國首相卡麥隆就說過，梅莉史翠普的演技沒問題，但是電影「花太多篇幅著墨柴契爾夫人失智以後的情況，對她的風光歲月反而鋪陳不夠，光從電影很難看出是一位偉大的首相」。英國「太陽報」報導，柴契爾夫人執政時的內閣成員戴比特爵士說，梅莉史翠普得獎致詞時，柴契爾夫人的名字一字未提，「我一點都不奇怪，因為此片不是在講柴契爾夫人，而是為梅莉量身打造。如果柴契爾真如梅莉在片中所描述的那種政治人物，她半年不到就會下台。」伊朗電影「分居風暴」獲奧斯卡最佳外語片，伊朗國營媒體報導稱，在美國贏獎是伊朗文化一大勝利，擊敗以色列影片更使德黑蘭揚眉吐氣。伊朗國家電視台說，「分居風暴」勝過以色列電影，這個獎成功把「猶太復國主義政權」的電影拋在後頭；伊朗伊斯蘭共和國通訊社評論，伊朗電影「創造歷史」；伊朗學生通訊社說，伊朗電影在好萊塢盛事「插旗」成功，是伊朗文化一大勝利。,聯合報
2012,2,28,蜜雪兒復古美,被視為時尚指標的第84屆奧斯卡星光大道，眾家女星今年的紅毯穿著趨於保守，吹起濃濃的復古優雅風，沒有過多的配飾纏繞，但顏色相當多元、亮麗，如銀白、金、大紅等，即使全球經濟圍繞在歐債危機的陰霾裡，女星們用服裝期待今年的景氣仍一片美麗。 被視為時尚指標的第84屆奧斯卡星光大道，眾家女星今年的紅毯穿著趨於保守，吹起濃濃的復古優雅風，沒有過多的配飾纏繞，但顏色相當多元、亮麗，如銀白、金、大紅等，即使全球經濟圍繞在歐債危機的陰霾裡，女星們用服裝期待今年的景氣仍一片美麗。 被視為時尚指標的第84屆奧斯卡星光大道，眾家女星今年的紅毯穿著趨於保守，吹起濃濃的復古優雅風，沒有過多的配飾纏繞，但顏色相當多元、亮麗，如銀白、金、大紅等，即使全球經濟圍繞在歐債危機的陰霾裡，女星們用服裝期待今年的景氣仍一片美麗。誠如入圍最佳女配角的潔西卡雀絲坦所言「每個女孩都夢想著婚紗禮服，而我則是想著奧斯卡禮服」，如何在紅毯與眾星中散發出最美一面，考驗每個人的品味。一頭金色短髮、穿LV特別訂製的橘紅色平口雪紡禮服的蜜雪兒威廉斯，被多數網友與時尚媒體譽為紅毯第一美，禮服用多層布料堆疊製作，並與50年代「Peplums」復古腰飾裙融為一體，復古迷人。身穿Givenchy高級訂製服的魯妮瑪拉，深知「少即是多」，只將頭髮梳起包頭，沒戴耳環、項鍊等，高雅氣質一現身，讓在場的毒舌時尚評論家妮娜賈西亞都讚嘆「彷彿年輕的奧黛莉赫本」。奪下影后的梅莉史翠普，身披金色浪凡禮服為戰袍，影帝尚杜賈丹也穿浪凡西裝，同與小金人相互輝映。潔西卡雀絲坦則走華麗風，穿Alexander McQueen黑色禮服，多了古典花紋裝飾，她笑說「這是我的夢想禮服」。與影后寶座擦身而過的薇拉戴維絲穿祖母綠的Vera Wang禮服，巧露事業線，搭配中性的短鬈髮，耀眼吸睛。今年紅毯不流行露胸，女星改露美背，影后珊卓布拉克穿Marchesa黑白相間禮服，前方只看到優雅一字肩，轉身則露出美背。珍妮佛洛佩茲的Zuhair Murad禮服露前又露後，襯出好身材。卡麥蓉狄亞茲穿GUCCI特別訂製白色禮服，有層疊雪紡與銀色玻璃繡珠，走起路來略顯費力。最受粉絲歡迎的雙人搭檔，小布一派正經穿Tom Ford西裝，搭配安琪莉娜裘莉穿黑色VERSACE特別訂製服，全身沒有飾品搭配，只見她一抹紅唇、露出長腿，仿若冶豔復古女星；另一對喬治柯隆尼穿Armani訂製西服，女友史黛西凱布勒穿金色Marchesa禮服，彷彿真的小金人現身，只可惜沒帶來好運。,聯合報
2012,2,28,蜜雪兒復古美,蜜雪兒威廉斯穿LV訂製禮服展現復古感。 珍妮佛洛佩茲穿Zuhair Murad禮服小露性感。 潔西卡雀絲坦穿上夢想的Alexander McQueen黑金禮服。 珍妮佛洛佩茲穿Zuhair Murad禮服小露性感。 被視為時尚指標的第84屆奧斯卡星光大道，眾家女星今年的紅毯穿著趨於保守，吹起濃濃的復古優雅風，沒有過多的配飾纏繞，但顏色相當多元、亮麗，如銀白、金、大紅等，即使全球經濟圍繞在歐債危機的陰霾裡，女星們用服裝期待今年的景氣仍一片美麗。誠如入圍最佳女配角的潔西卡雀絲坦所言「每個女孩都夢想著婚紗禮服，而我則是想著奧斯卡禮服」，如何在紅毯與眾星中散發出最美一面，考驗每個人的品味。一頭金色短髮、穿LV特別訂製的橘紅色平口雪紡禮服的蜜雪兒威廉斯，被多數網友與時尚媒體譽為紅毯第一美，禮服用多層布料堆疊製作，並與50年代「Peplums」復古腰飾裙融為一體，復古迷人。身穿Givenchy高級訂製服的魯妮瑪拉，深知「少即是多」，只將頭髮梳起包頭，沒戴耳環、項鍊等，高雅氣質一現身，讓在場的毒舌時尚評論家妮娜賈西亞都讚嘆「彷彿年輕的奧黛莉赫本」。奪下影后的梅莉史翠普，身披金色浪凡禮服為戰袍，影帝尚杜賈丹也穿浪凡西裝，同與小金人相互輝映。潔西卡雀絲坦則走華麗風，穿Alexander McQueen黑色禮服，多了古典花紋裝飾，她笑說「這是我的夢想禮服」。與影后寶座擦身而過的薇拉戴維絲穿祖母綠的Vera Wang禮服，巧露事業線，搭配中性的短鬈髮，耀眼吸睛。今年紅毯不流行露胸，女星改露美背，影后珊卓布拉克穿Marchesa黑白相間禮服，前方只看到優雅一字肩，轉身則露出美背。珍妮佛洛佩茲的Zuhair Murad禮服露前又露後，襯出好身材。卡麥蓉狄亞茲穿GUCCI特別訂製白色禮服，有層疊雪紡與銀色玻璃繡珠，走起路來略顯費力。最受粉絲歡迎的雙人搭檔，小布一派正經穿Tom Ford西裝，搭配安琪莉娜裘莉穿黑色VERSACE特別訂製服，全身沒有飾品搭配，只見她一抹紅唇、露出長腿，仿若冶豔復古女星；另一對喬治柯隆尼穿Armani訂製西服，女友史黛西凱布勒穿金色Marchesa禮服，彷彿真的小金人現身，只可惜沒帶來好運。,聯合報
2012,2,28,梅莉史翠普：得獎心情像孩子,1983，蘇菲亞的選擇╱最佳女主角 2012，鐵娘子：堅固柔情╱最佳女主角 1980，克拉瑪對克拉瑪╱最佳女配角 2012，鐵娘子：堅固柔情╱最佳女主角 六十三歲的著名演員梅莉史翠普昨天以「鐵娘子」再鍍「金」，在奧斯卡頒獎典禮上二度封后，拿下生平第三座小金人；相隔二十九年再獲獎，她坦承心情像個孩子，「我第一次提名時還是個孩子，現在我覺得自己又像個孩子。」 當頒獎人柯林佛斯念出梅莉史翠普的名字，台下嘉賓紛紛起立鼓掌致敬。她上台後自嘲說，美國有一半的觀眾可能會想：「拜託，又是她！」曾在「媽媽咪呀！」和梅莉史翠普合作的柯林佛斯，在介紹入圍女主角的引言時對史翠普說：「妳實在好得沒道理，妳每飾演一個角色，就把門檻變得更高，也把我們的工作變得更難一些。」國外許多影評都認同，「鐵娘子」是史翠普近年來最棒的演出。她將前英國首相柴契爾夫人叱吒政壇的霸氣詮釋得入木三分，再對照其退休後喪夫、得失智症的落寞身影，不得不嘆服史翠普的功力。但她表示，她不希望自己僅是外表看起來像柴契爾夫人，而是「能像她一樣思考、感受」。一向有「戲精」、「活傳奇」稱號的梅莉史翠普，雖然演技早已深獲肯定，在拍「鐵娘子」時仍未掉以輕心，觀看許多柴契爾夫人在各演說場合的影片，熟悉其肢體、表情的特徵，也曾透過關係，求見仍在世的柴契爾夫人，卻遭到拒絕。梅莉史翠普還在英國居住一段時間，曾到英國國會旁聽、觀察首相、議員的一舉一動，並親自拜訪柴契爾夫人幼年時居住的林肯郡葛蘭森住處，她曾說「要以柴契爾對細節的堅持，來演好這角色」。為了從外表也改變成柴契爾夫人，梅莉戴了假的鼻翼，修正鼻梁形狀，與盛年時期的本尊更神似；晚年則是一大考驗，化妝人員沒讓她戴上一整個面具，而是在她頭上用一些石膏做為五官修正的基礎，如此化妝耗時費工，梅莉也沒怨言。當梅莉史翠普第一次以完整的柴契爾夫人造型出現，工作人員都看傻眼，部分參加試鏡的演員更被嚇到，以為片中主角本人來到現場。扮演柴契爾先生的英國資深男星吉姆布洛本，原先還懷疑來自美國的梅莉能否演好柴契爾夫人，看到她的扮相和講話，立刻被折服。有趣的是，英國佬在二十多年前搞笑短片「The Strike」中，曾拿「好萊塢一定會找梅莉演柴契爾夫人」開玩笑；一切彷彿早有注定。梅莉史翠普上次得奧斯卡是一九八三年，當年因「蘇菲亞的選擇」贏得最佳女主角。一九七九年「越戰獵鹿人」第一次提名為女配角，隔年「克拉瑪對克拉瑪」得到最佳女配角獎，是她首度獲頒小金人。,聯合報
2012,2,28,奧斯卡懷舊後 藝術與科技競技,第八十四屆奧斯卡頒獎典禮在九度主持諧星比利克里斯多的歌舞中開啟，似乎奧斯卡主流電影將以懷舊及重返單純默片時代的方式致敬。在入圍的九部影片中，有二部是完全向無聲電影表現懷念的情節。「大藝術家」全片以默片呈現，完全和現今進步的電影科技挑戰；另一部則是以尋找法國默片大導演喬治梅里葉為故事主題的「雨果的冒險」。果然這兩部影片在今年奧斯卡獲得大勝。「大藝術家」囊括五項大獎，包括最佳影片、最佳導演米歇阿札那維休斯、最佳男主角尚杜賈丹，以及原創音樂、服裝設計等獎項。這部由法國團隊打造、好萊塢不敢嘗試的現代默片，似乎為電影自法國誕生以來，法國再奪回電影的榮譽；同時，也讓人感嘆，到底是科技還是人文藝術，才是電影未來的走向？為了表現回饋美國影視界的寬容，導演在獲獎時三次大喊美國導演比利懷德的名字也獲得台下迴響。另外，大導演馬丁史柯西斯的「雨果的冒險」幾乎拿下所有技術獎項，包括攝影、剪接、音效剪輯及視覺效果，則似乎有以技術挑戰藝術的氛圍。在演員方面入圍者幾乎是國際演員大集合。在「鐵娘子」中飾演英國前首相柴契爾夫人的梅莉史翠普，第三度拿下影后大獎，也打破奧斯卡紀錄；男配角由年高八十二歲的克里斯多夫普拉瑪勝出，其年齡只比奧斯卡歷史差二歲，老將再獲肯定。外語片果然由屢獲大獎的伊朗電影「分居風暴」奪得，在美伊關係正日趨緊張之時有其諷刺點。頒獎典禮在多才多藝的主持人的幽默感性貫穿下頗有可看性，也在舞台創作設計有突出的表現，將樂隊及表演作立體的呈現是一大創意。典禮中由眾多演員說出電影的魅力之處，有其特殊意義。一年一度的美國電影盛會，又看到不少過世的傑出幕前幕後人員，包括歌后惠尼休斯頓及影后伊麗莎白泰勒，也很令人感傷。不過，八十四年的奧斯卡盛會落幕，面對新的一年，美國電影將是一場藝術和科技的競技的新戰場。,聯合報
2012,2,28,黑白默片大  藝術家 奧斯卡大贏家,84屆奧斯卡金像獎重要得獎名單 尚杜賈丹首位法影帝「大藝術家」囊括五大獎，影帝尚杜賈丹抱著狗明星烏吉上台領獎，開心地作勢要親吻小狗。 梅莉史翠普 二度封后六十二歲的「戲精」梅莉史翠普以「鐵娘子：堅固柔情」勇奪奧斯卡最佳女主角。 尚杜賈丹首位法影帝「大藝術家」囊括五大獎，影帝尚杜賈丹抱著狗明星烏吉上台領獎，開心地作勢要親吻小狗。 第八十四屆奧斯卡金像獎頒獎典禮於台北時間昨天上午舉行，默片「大藝術家」拿下最佳影片、導演、男主角、配樂與服裝設計等五座大獎，是最大贏家，該片先前也已橫掃各重要電影獎，被視為在電影科技狂潮下，電影人對回歸本質的肯定。資深女星梅莉史翠普以「鐵娘子：堅固柔情」中的前英國首相柴契爾夫人一角，二度封后；演員尚杜賈丹因「大藝術家」裡的默片男星，名列奧斯卡史上首位法國影帝。名導馬丁史柯西斯向法國電影大師梅里葉致敬的「雨果的冒險」則獲五座技術獎。今年奧斯卡無論入圍影片或是頒獎典禮，都充滿懷舊電影氛圍，由米歇爾阿札納維休斯執導、幾乎是黑白默片的「大藝術家」成為繼第一屆奧斯卡最佳影片「鐵翼雄風」後，八十三年來首部奪魁的「默片」。入圍十項、贏得五項大獎的「大藝術家」雖然是法國製片班底，但從影片內容到工作人員都和好萊塢有淵源。該片呈現好萊塢默片演員面臨有聲電影來臨的衝擊，製片湯馬斯朗曼的導演父親克勞德貝利也曾在一九六六年獲奧斯卡最佳短片。四十四歲的法國導演米歇爾阿札納維休斯看好萊塢電影長大，首次入圍奧斯卡就脫穎而出。第十七度入圍奧斯卡的女星梅莉史翠普此次以「鐵娘子：堅固柔情」獲最佳女主角，贏得驚險，因為事前以「姊妹」入圍的非裔美人薇歐拉戴維斯呼聲極高，梅姨憑著妝髮造型和維妙維肖的演技和口音，重現柴契爾夫人神采，最終勝出。尚杜賈丹在「大藝術家」扮由紅轉黑的默片男星，從面部表情到肢體動作都受好評，自坎城影帝後，一路拿獎，終於在奧斯卡稱帝，難怪他登台領獎時高呼「我愛你們的國家」。加拿大資深演員克里斯多夫普拉瑪以「新手人生」獲最佳男配角，創下年齡最長的奧斯卡得獎人紀錄；「姊妹」的奧妲薇亞史賓賽則一如預期獲最佳女配角。得奧斯卡獎是許多電影人的夢想，但以「午夜‧巴黎」獲最佳劇本的伍迪艾倫卻不改一貫與奧斯卡保持距離的風格，未出席領獎。劇情峰迴路轉、綿密深厚的伊朗電影「分居風暴」，毫無意外贏得最佳外語片。,聯合報
